confident,lead,flagship_line,alias_terms,code,score,runner_up,reasons,keys
false,1010,1010 MARGARITA,1010 margarita,101020,2,1010 PINA COLADA (2),sizes:1|flavors:1,1010|1010 mojito|1010 margarita|1010 mango|1010 pina
false,10th,10TH MOUNTAIN BRANDY,10th mountain brandy,34004,10,10TH MOUNTAIN BOURBON (10),sizes:1,10th|10th mountain
false,123,123 ORGANIC DOS REPOSADO,123 organic dos reposado,23617,10,123 ORGANIC DIABLITO EX ANEJO (10),sizes:1,123|123 organic
false,13th,13TH COLONY SOUTHERN GIN,13th colony southern gin,35848,30,13TH COLONY SOUTHERN VODKA (30),sizes:3,13th|13th colony
false,15,15 STARS THREE PORTS,15 stars three ports,100962,10,15 STARS TRIPLE CASK (10),sizes:1,
false,1776,1776 RYE,1776 rye,14555,10,1776 BOURBON (10),sizes:1,1776|1776 rye
false,1800,1800 BLANCO,1800 blanco,1678,70,1800 REPOSADO (70),sizes:7,1800|1800 milenio|1800 coconut|1800 reposado|1800 blanco|1800 cristalino|1800 anejo|1800 cucumber|1800 guachimonton
false,1835,1835 HONEY BOURBON WHISKEY,1835 honey bourbon whiskey,21478,2,1835 CHERRY BOURBON WHISKEY (2),sizes:1|flavors:1,1835|1835 cherry|1835 cinnamon|1835 honey
false,1887,1887 GRAND BOURBON,1887 grand bourbon,29101,20,1887 GRAND RYE WHISKEY (20),sizes:2,1887|1887 grand
false,1921,1921 ANEJO TEQUILA,1921 anejo tequila,13986,10,1921 REPOSADO TEQUILA (10),sizes:1,1921|1921 anejo|1921 reposado|1921 cream
false,1933,1933 MACLEOD S PX SHRRY CSK SM,1933 macleod px shrry csk,35250,10,1933 MACLEOD S SHRY CSK SM 12Y (10),sizes:1,1933|1933 macleod
false,2xo,2XO FRENCH OAK,2xo french oak,31986,10,2XO AMERICAN OAK (10),sizes:1,2xo|2xo rapper|2xo american|2xo gem|2xo the|2xo french
false,3,3 TRES ANEJO TEQUILA,tres anejo tequila,26554,20,3 TRES BLANCO TEQUILA (20),sizes:2,
false,360,360 VODKA,360 vodka,4382,30,360 DOUBLE CHOCOLATE (30),sizes:3,360|360 bing|360 double|360 georgia|360 sorrento|360 red|360 madagascar|360 grape|360 mango|360 pineapple|360 blue|360 lime|360 mandarin|360 huckleberry
false,400,400 CONEJOS ANEJO,400 conejos anejo,31792,10,400 CONEJOS REPOSADO (10),sizes:1,400|400 conejos
false,818,818 BLANCO TEQUILA,818 blanco tequila,24520,30,818 REPOSADO TEQUILA (30),sizes:3,818|818 anejo|818 blanco|818 reposado
false,900,900 GRADOS ANEJO,900 grados anejo,32203,10,900 GRADOS BLANCO (10),sizes:1,900|900 grados
false,a,A TEAM SWAT RIFLE AK 47,team swat rifle ak 47,32137,10,A DE FUSSIGNY EXTRA COGNAC (10),sizes:1,
false,aberfeldy,ABERFELDY 21 YR,aberfeldy 21 yr,11598,0,ABERFELDY 12 YR (0),sizes:1|aged,aberfeldy|aberfeldy 21|aberfeldy red|aberfeldy 12
false,aberlour,ABERLOUR CASG ANNAMH,aberlour casg annamh,18735,10,ABERLOUR A BUNADH ALBA (10),sizes:1,aberlour|aberlour casg|aberlour 16|aberlour 12|aberlour 18
false,abk6,ABK6 VS COGNAC,abk6 vs cognac,28901,60,ABK6 VSOP COGNAC (60),sizes:6,abk6|abk6 orange|abk6 artist|abk6 vs|abk6 vsop|abk6 xo|abk6 extra|abk6 batch|abk6 white|abk6 xxo|abk6 angel
false,adictivo,ADICTIVO ANEJO,adictivo anejo,17916,30,ADICTIVO PLATA (30),sizes:3,adictivo|adictivo extra|adictivo reposado|adictivo anejo|adictivo plata|adictivo ex|adictivo blanco
false,admiral,ADMIRAL NELSON S SPICED,admiral nelson spiced,93180,52,ADMIRAL NELSON CHERRY SPICE (52),sizes:6|flavors:1,admiral|admiral nelson|admiral rodney
false,agavales,AGAVALES BLANCO,agavales blanco,100985,30,AGAVALES REPOSADO (30),sizes:3,agavales|agavales spicy|agavales reposado|agavales blanco
false,agua,AGUA MAGICA,agua magica,35782,10,AGUA DIOS ENSAMBLE (10),sizes:1,agua|agua magica|agua dios
false,aguila,AGUILA DE PLATA BLANCO,aguila de plata blanco,101768,10,AGUILA DE PLATA REPOSADO (10),sizes:1,aguila|aguila de
false,aha,AHA YETO ANEJO,aha yeto anejo,35437,10,AHA YETO BLANCO (10),sizes:1,aha|aha yeto
false,akori,AKORI GIN,akori gin,100034,10,AKORI YUZU GIN (10),sizes:1,akori|akori cherry|akori yuzu
false,alexander,ALEXANDER GRAPPA,alexander grappa,29770,10,ALEXANDER MURRAY BON ACCORD SM (10),sizes:1,alexander|alexander murray|alexander grappa|alex|alex murray
false,alma,ALMA DEL JAGUAR ANEJO,alma del jaguar anejo,36471,10,ALMA DEL JAGUAR BLANCO (10),sizes:1,alma|alma finca|alma del
false,alto,ALTO VALLE RUM,alto valle rum,36363,10,ALTO DEL CARMEN PISCO RESRVADO (10),sizes:1,alto|alto valle|alto del
false,amador,AMADOR DOUBLE BARREL,amador double barrel,12870,2,AMADOR TEN BARRELS WINE BRRL (2),sizes:1|flavors:1,amador|amador double|amador ten|amador dbl
false,aman,AMAN TEQUILA ROSA,aman tequila rosa,31228,10,AMAN TEQUILA ANEJO (10),sizes:1,aman
false,amaras,AMARAS CUPREATA MEZCAL,amaras cupreata mezcal,36176,10,AMARAS AMERICANA MEZCAL (10),sizes:1,amaras|amaras verde|amaras americana|amaras cupreata
false,amass,AMASS CALIFORNIA VODKA,amass california vodka,33168,10,AMASS LOS ANGELES DRY GIN (10),sizes:1,amass|amass los|amass california|amass mushroom
false,ambhar,AMBHAR TEQUILA ANEJO,ambhar tequila anejo,31746,10,AMBHAR TEQUILA PLATA (10),sizes:1,ambhar
false,american,AMERICAN HARVEST ORGANIC RED,american harvest organic red,26044,20,AMERICAN BULL BEAR TN WHISKY (20),sizes:2,american|american born|american fifth|american harvest|american brick|american journeys|american bull|american triple
false,amna,AMNA TEQUILA ANEJO,amna tequila anejo,34096,10,AMNA TEQUILA BLANCO (10),sizes:1,amna
false,amplifier,AMPLIFIER GIN,amplifier gin,30168,10,AMPLIFIER VODKA (10),sizes:1,amplifier
false,amrut,AMRUT SINGLE MALT WHISKY,amrut single malt whisky,15660,10,AMRUT FUSION SNGL MALT WHISKY (10),sizes:1,amrut|amrut fusion|amrut single
false,ancho,ANCHO REYES,ancho reyes,12229,10,ANCHO REYES VERDE (10),sizes:1,ancho|ancho reyes
false,andale,ANDALE TEQUILA ANEJO,andale tequila anejo,33080,10,ANDALE TEQUILA SILVER (10),sizes:1,andale|andale ultra
false,angels,ANGELS ENVY CASK STRENGTH,angels envy cask strength,12221,10,ANGELS ENVY FRENCH OAK RYE (10),sizes:1,angels|angels envy
false,anoche,ANOCHE AGAVE BLANCO,anoche agave blanco,32118,10,ANOCHE AGAVE REPOSADO (10),sizes:1,anoche|anoche agave
false,anteel,ANTEEL RESPOSADO,anteel resposado,17924,10,ANTEEL ANEJO TEQUILA (10),sizes:1,anteel|anteel coconut|anteel resposado|anteel blanco|anteel blood|anteel anejo
false,apervita,APERVITA APERIVITO,apervita aperivito,101716,10,APERVITA APERITIVO (10),sizes:1,apervita|apervita aperivito|apervita aperitivo
false,apologue,APOLOGUE CELERY ROOT,apologue celery root,31730,10,APOLOGUE CARROT ROOT LIQ (10),sizes:1,apologue|apologue paw|apologue aronia|apologue persimmon|apologue saffron|apologue celery|apologue carrot
false,arak,ARAK FAKRA,arak fakra,22532,10,ARAK JAJEEK (10),sizes:1,arak|arak el|arak al|arak alankoud|arak gantous|arak fakra|arak haddad|arak massaya|arak shellelt|arak arabic|arak sannine|arak abu|arak heavenly|arak kefraya|arak jajeek|arak ksarak|arak le
false,arandas,ARANDAS WHITE,arandas white,59577,10,ARANDAS ORO GOLD (10),sizes:1,arandas|arandas white|arandas oro
false,ararat,ARARAT NAIRI XO,ararat nairi xo,28272,10,ARARAT 5 STAR VS (10),sizes:1,ararat|ararat charles|ararat nairi|ararat akhtamar|ararat dvin|ararat apricot|ararat cherry|ararat coffee|ararat ani|ararat armenia
false,arbor,ARBOR FALL GIN,arbor fall gin,15694,10,ARBOR WINTER GIN (10),sizes:1,arbor|arbor wheat|arbor winter|arbor spring|arbor summer|arbor fall
false,ardbeg,ARDBEG DOLCE,ardbeg dolce,100692,10,ARDBEG AN OA (10),sizes:1,ardbeg|ardbeg cask|ardbeg dolce|ardbeg trudernish|ardbeg an|ardbeg 22|ardbeg 19|ardbeg wee|ardbeg 25|ardbeg anamorphic|ardbeg anthology|ardbeg spectacular|ardbeg vintage|ardbeg 17|ardbeg eureka|ardbeg smokiverse|ardbeg uigeadail|ardbeg corryvreckan|ardbeg 10
false,ardnahoe,ARDNAHOE INFINITE LOCH SM,ardnahoe infinite loch sm,35269,10,ARDNAHOE BHOLSA SINGLE MALT (10),sizes:1,ardnahoe|ardnahoe cask|ardnahoe inaugural|ardnahoe infinite|ardnahoe bholsa
false,arette,ARETTE BLANCO,arette blanco,29234,10,ARETTE REPOSADO (10),sizes:1,arette|arette artesanal|arette blanco|arette reposado
false,aristocrat,ARISTOCRAT GIN,aristocrat gin,203,30,ARISTOCRAT RUM (30),sizes:3,aristocrat|aristocrat white
false,armagnac,ARMAGNAC DE MONTAL XO,armagnac de montal xo,31686,10,ARMAGNAC LEMARQUE VSOP (10),sizes:1,armagnac|armagnac lemarque|armagnac de
false,arriesgado,ARRIESGADO BLANCO,arriesgado blanco,101358,10,ARRIESGADO REPOSADO (10),sizes:1,arriesgado|arriesgado reposado|arriesgado blanco
false,arrow,ARROW PPRMNT SCHNAPPS,arrow pprmnt schnapps,58117,52,ARROW SUPER PPRMNT SCHNAPPS (52),sizes:6|flavors:1,arrow|arrow super|arrow blackberry|arrow orange|arrow cinnamon|arrow blue|arrow sour|arrow watermelon|arrow melon|arrow apricot|arrow wild|arrow coffee|arrow ginger|arrow pprmnt|arrow spearmint|arrow mackdale|arrow lime|arrow anisette|arrow ouzo|arrow peach|arrow long|arrow light|arrow kirsch|arrow original|arrow amaretto|arrow creme|arrow raspberry|arrow sloe|arrow triple|arrow blackraspberry
false,artist,ARTIST 13 GLENBURGIE 1995,artist 13 glenburgie 1995,33886,10,ARTIST 13 GLEN GARIOCH 1988 (10),sizes:1,artist|artist 13
false,asombroso,ASOMBROSO EROS REPOSADO,asombroso eros reposado,28186,20,ASOMBROSO TEQUILA SILVER (20),sizes:2,asombroso|asombroso gran|asombroso la|asombroso carbonzado|asombroso especial|asombroso eros
false,astral,ASTRAL REPOSADO TEQUILA,astral reposado tequila,28639,30,ASTRAL BLANCO TEQUILA 80 PROOF (30),sizes:3,astral|astral reposado|astral blanco|astral anejo|astral margarita
false,atwater,ATWATER VODKA,atwater vodka,14615,10,ATWATER THREE FINGER GIN (10),sizes:1,atwater|atwater three
false,auchentoshan,AUCHENTOSHAN THREE WOOD,auchentoshan three wood,98110,10,AUCHENTOSHAN AMERICAN OAK (10),sizes:1,auchentoshan|auchentoshan american|auchentoshan 12|auchentoshan three
false,aultmore,AULTMORE SINGLE MALT 12 YR,aultmore single malt 12 yr,13351,0,AULTMORE SINGLE MALT 18 YR (0),sizes:1|aged,aultmore|aultmore single
false,authentico,AUTHENTICO ANEJO TEQUILA,authentico anejo tequila,101667,10,AUTHENTICO BLANCO TEQUILA (10),sizes:1,authentico|authentico anejo|authentico blanco|authentico cristalino|authentico reposado
false,avion,AVION SILVER,avion silver,7685,40,AVION REPOSADO (40),sizes:4,avion|avion extra|avion silver|avion anejo|avion reposado|avion cristalino
false,bacardi,BACARDI SUPERIOR,bacardi superior,38327,70,BACARDI GOLD (70),sizes:7,bacardi|bacardi black|bacardi reserva|bacardi raspberry|bacardi classic|bacardi gran|bacardi anejo|bacardi zombie|bacardi lime|bacardi bahama|bacardi gold|bacardi superior|bacardi rts|bacardi tropical|bacardi coconut|bacardi mango|bacardi ocean|bacardi limon|bacardi dragon|bacardi spiced|bacardi hurricane|bacardi pineapple
false,bacoo,BACOO 5 YR,bacoo yr,19339,0,BACOO 8 YR (0),sizes:1|aged,bacoo|bacoo 12
false,bad,BAD SWAEATER SPICED WHISKEY,bad swaeater spiced whiskey,32473,2,BAD BULL SPICY TAMARINDO TEQ (2),sizes:1|flavors:1,bad|bad swaeater|bad bull
false,badel,BADEL WILLIAMS,badel williams,30706,10,BADEL LIKERI ORAHOVAC (10),sizes:1,badel|badel likeri|badel pelinkovac|badel rakije|badel williams|badel stara
false,baker,BAKER S BOURBON,baker bourbon,87920,10,BAKER S HIGH RYE BOURBON (10),sizes:1,baker
false,balblair,BALBLAIR SINGLE MALT 12 YR,balblair single malt 12 yr,25947,0,BALBLAIR SINGLE MALT 15 YR (0),sizes:1|aged,balblair|balblair single
false,balcones,BALCONES RUMBLE,balcones rumble,17336,10,BALCONES BABY BLUE (10),sizes:1,balcones|balcones baby|balcones brimstone|balcones rumble|balcones tx|balcones texas|balcones lineage
false,ballykeefe,BALLYKEEFE SINGLE MALT,ballykeefe single malt,33018,10,BALLYKEEFE SINGLE POT STILL (10),sizes:1,ballykeefe|ballykeefe single
false,balvenie,BALVENIE CARIBBEAN CASK 14 YR,balvenie caribbean cask 14 yr,7172,10,BALVENIE FRENCH PINEAU CSK 18Y (10),sizes:2|aged,balvenie|balvenie portwood|balvenie american|balvenie single|balvenie 25|balvenie french|balvenie cask|balvenie 40|balvenie caribbean|balvenie doublewood|balvenie 30
false,bamboozlers,BAMBOOZLERS WHISKEY BLACK TEA,bamboozlers whiskey black tea,31687,10,BAMBOOZLERS LONG ISLAND ICED T (10),sizes:1,bamboozlers|bamboozlers long
false,bandana,BANDANA BLAZIN PINEAPPLE,bandana blazin pineapple,35391,2,BANDANA KICKIN TAMARINDO (2),sizes:1|flavors:1,bandana|bandana blazin|bandana kickin
false,bandido,BANDIDO DE AMORES ANEJO,bandido de amores anejo,32279,10,BANDIDO DE AMORES PLATA (10),sizes:1,bandido|bandido de
false,banker,BANKER S CLUB GIN,banker club gin,26101,10,BANKER S CLUB BLEND (10),sizes:1,banker
false,bar,BAR LITER GIN,bar liter gin,32309,10,BAR DIVER PALOMA (10),sizes:1,bar|bar diver|bar liter
false,barcelo,BARCELO IMPERIAL,barcelo imperial,9255,10,BARCELO GREEN RUM (10),sizes:1,barcelo|barcelo green|barcelo imperial|barcelo gran
false,bardstown,BARDSTOWN COLLAB WVGBC,bardstown collab wvgbc,26667,10,BARDSTOWN DISCOVERY 10 (10),sizes:1,bardstown|bardstown wheated|bardstown discovery|bardstown locks|bardstown collab|bardstown foursquare|bardstown amaro|bardstown bbn|bardstown cab|bardstown silver|bardstown ferrand
false,barenjager,BARENJAGER HONEY,barenjager honey,7992,2,BARENJAGER HONEY BOURBON (2),sizes:1|flavors:1,barenjager|barenjager honey
false,barr,BARR HILL GIN,barr hill gin,35452,20,BARR HILL VODKA (20),sizes:2,barr|barr hill
false,barrell,BARRELL VANTAGE,barrell vantage,27680,2,BARRELL DOVETAIL (2),sizes:1|flavors:1,barrell|barrell private|barrell single|barrell rye|barrell dovetail|barrell seagrass|barrell craft|barrell vantage|barrell cfs|barrell cs|barrell foundation
false,barrelsmith,BARRELSMITH NEGRONI,barrelsmith negroni,100081,12,BARRELSMITH MANHATTAN (12),sizes:2|flavors:1,barrelsmith|barrelsmith negroni|barrelsmith manhattan|barrelsmith boulevardier|barrelsmith sampler
false,barrowman,BARROW S INTENSE,barrow intense,11971,10,BARROWMAN S BLENDED SCOTCH 21Y (10),sizes:1,barrowman|barrow
false,bartenders,BARTENDERS HOT SEX,bartenders hot sex,23281,20,BARTENDERS KICK ASS MUDSLIDE (20),sizes:2,bartenders|bartenders hot|bartenders awesome|bartenders kick|bartenders pina|bartenders coconut|bartenders horchata|bartenders sarita|bartenders paloma|bartenders strong|bartenders cb|bartenders irish|bartenders awsome
false,barton,BARTON GIN,barton gin,26207,30,BARTON LIGHT V I (30),sizes:3,barton|barton premium|barton california|barton naturals|barton raspberry|barton pink|barton triple|barton gold|barton light|barton long
false,bayab,BAYAB AFRICAN ROSE,bayab african rose,31295,10,BAYAB AFRICAN GROWN DRY GIN (10),sizes:1,bayab|bayab african
false,bearface,BEARFACE TRIPLE OAK WHISKY,bearface triple oak whisky,20066,10,BEARFACE WILDERNESS SERIES 1 (10),sizes:1,bearface|bearface triple|bearface wilderness
false,belfour,BELFOUR TEXAS PECAN WOOD FIN,belfour texas pecan wood fin,23126,10,BELFOUR SB STRAIGHT RYE WHSKEY (10),sizes:1,belfour|belfour texas|belfour sm|belfour sngl|belfour sb
false,bellagave,BELLAGAVE BLANCO TEQUILA,bellagave blanco tequila,100229,10,BELLAGAVE HABANERO TEQUILA (10),sizes:1,bellagave|bellagave coconut|bellagave mango|bellagave habanero|bellagave blanco
false,belle,BELLE VODKA,belle vodka,32747,10,BELLE DE BRILLET (10),sizes:1,belle|belle de
false,bellows,BELLOWS LIGHT RUM,bellows light rum,96226,10,BELLOWS LONDON DRY GIN (10),sizes:1,bellows|bellows light|bellows london
false,belsanto,BELSANTO BLANCO TEQUILA,belsanto blanco tequila,35394,10,BELSANTO REPOSADO TEQUILA (10),sizes:1,belsanto|belsanto blanco|belsanto reposado
false,beluga,BELUGA GOLD LINE,beluga gold line,17911,20,BELUGA ALLURE (20),sizes:2,beluga|beluga allure|beluga gold|beluga noble|beluga transatlantic|beluga celebration
false,benromach,BENROMACH PEAT SMKE SHRRY SM,benromach peat smke shrry sm,35399,10,BENROMACH PEAT SMOKE BBN 2014 (10),sizes:1,benromach|benromach 10|benromach 15|benromach 21|benromach cr|benromach single|benromach csk|benromach peat|benromach sm
false,berentzen,BERENTZEN APPLE LIQUEUR,berentzen apple liqueur,12254,22,BERENTZEN PEAR LIQUEUR (20),sizes:3|flavors:1,berentzen|berentzen pear|berentzen apple|berentzen bushel
false,bernheim,BERNHEIM WHEAT WHISKEY,bernheim wheat whiskey,4479,10,BERNHEIM WHEAT 20TH ANNIV (10),sizes:1,bernheim|bernheim barrel|bernheim wheat
false,beyond,BEYOND THE BAR COSMOPOLITAN,beyond the bar cosmopolitan,35904,10,BEYOND THE BAR BLUE HAWAIIAN (10),sizes:1,beyond|beyond the
false,bhakta,BHAKTA ARMAGNAC 1973,bhakta armagnac 1973,29239,10,BHAKTA 1963 ARMAGNAC (10),sizes:1,bhakta|bhakta armagnac|bhakta 1963|bhakta 50|bhakta rye|bhakta strt|bhakta indian
false,bib,BIB TUCKER GOLD ROAST BBN,bib tucker gold roast bbn,36029,10,BIB TUCKER DOUBLE CHAR BBN (10),sizes:1,bib|bib tucker
false,bicerin,BICERIN DARK CHOCOLATE,bicerin dark chocolate,28220,10,BICERIN WHITE CHOCOLATE (10),sizes:1,bicerin|bicerin dark|bicerin white
false,bigallet,BIGALLET DESSERTINE,bigallet dessertine,101864,10,BIGALLET CHINA CHINA AMER (10),sizes:1,bigallet|bigallet dessertine|bigallet china
false,bingham,BINGHAM S BOURBON BLACK,bingham bourbon black,36255,10,BINGHAM S BOURBON ORIGINAL (10),sizes:1,bingham
false,bird,BIRD DOG PEACH,bird dog peach,18181,42,BIRD DOG BLACKBERRY (42),sizes:5|flavors:1,bird|bird dog
false,blackened,BLACKENED,blackened,20330,10,BLACKENED CASK STRENGTH (10),sizes:1,blackened|blackened cask|blackened rye
false,blackland,BLACKLAND BOURBON WHISKEY,blackland bourbon whiskey,34952,10,BLACKLAND PECAN BROWN SUGAR (10),sizes:1,blackland|blackland pecan
false,bladnoch,BLADNOCH VINAYA NAS SM SCOTCH,bladnoch vinaya nas sm scotch,33912,10,BLADNOCH SAMSARA NAS SM SCOTCH (10),sizes:1,bladnoch|bladnoch 8yr|bladnoch samsara|bladnoch sm|bladnoch vinaya
false,blood,BLOOD OATH PACT NO 12,blood oath pact no 12,100334,10,BLOOD OATH PACT NO 10 (10),sizes:1,blood|blood oath|blood sweat
false,bloom,BLOOM LONDON DRY GIN,bloom london dry gin,20299,20,BLOOM JASMINE ROSE GIN (20),sizes:2,bloom|bloom london|bloom jasmine
false,blue,BLUE CHAIR BAY COCONUT RUM,blue chair bay coconut rum,9990,32,BLUE HEAD TEQUILA BLANCO (30),sizes:4|flavors:1,blue|blue chair|blue note|blue run|blue nectar|blue spot|blue ice|blue head|blue diamond
false,boba,BOBA POPS PEACH,boba pops peach,35474,12,BOBA POPS BLUEBERRY (12),sizes:2|flavors:1,boba|boba pops
false,bolivar,BOLIVAR VENEZUELAN RUM,bolivar venezuelan rum,30588,10,BOLIVAR VENEZUELAN XO RUM (10),sizes:1,bolivar|bolivar venezuelan
false,bols,BOLS BLUE CURACAO,bols blue curacao,62127,20,BOLS TRIPLE SEC 42 (20),sizes:2,bols|bols coconut|bols watermelon|bols creme|bols melon|bols black|bols blue|bols orange|bols peach|bols strawberry|bols ginger|bols elder|bols butterscotch|bols cocktail|bols cocktails|bols amsterdam|bols cktl|bols cktls|bols pornstar|bols elderflower|bols pumpkin|bols mango|bols pineapple|bols lychee|bols sour|bols triple|bols rte|bols amaretto|bols apricot|bols genever
false,bomberger,BOMBERGER S DECLARATION BBN,bomberger declaration bbn,26543,10,BOMBERGER S PRECISION FINE GRA (10),sizes:1,bomberger
false,boondocks,BOONDOCKS KY BBN PORT FINISH,boondocks ky bbn port finish,32146,10,BOONDOCKS CASK STRNGTH AM WSKY (10),sizes:1,boondocks|boondocks cask|boondocks ky
false,boone,BOONE COUNTY RYE,boone county rye,36321,10,BOONE COUNTY POT STILL KY BBN (10),sizes:1,boone|boone county
false,borgata,BORGATA CLASSIC CHOCOLATE,borgata classic chocolate,26693,10,BORGATA PISTACHIO LIQUEUR (10),sizes:1,borgata|borgata white|borgata dubai|borgata chocolate|borgata classic|borgata wh|borgata choco|borgata marshmallow|borgata pistachio|borgata salted
false,botran,BOTRAN RESERVA CLASICA NO 8,botran reserva clasica no,31352,2,BOTRAN RESERVA ESPECIAL NO 15 (2),sizes:1|flavors:1,botran|botran reserva
false,bowmore,BOWMORE 30 YR,bowmore 30 yr,29411,0,BOWMORE 18 YR (0),sizes:1|aged,bowmore|bowmore 30|bowmore 18|bowmore 15|bowmore 12
false,bozal,BOZAL CUISHE MEZCAL,bozal cuishe mezcal,19990,10,BOZAL ENSAMBLE MEZCAL (10),sizes:1,bozal|bozal cuishe|bozal ensamble|bozal arroqueno|bozal barril|bozal borrego|bozal calabaza|bozal castilla|bozal cempasuchil|bozal cenizo|bozal chino|bozal coyote|bozal iberico|bozal jabali|bozal madrecuishe|bozal mexicano|bozal pechuga|bozal sacatoro|bozal tepeztate|bozal tobala|bozal tobasiche|bozal espadn
false,bradley,BRADLEY S IRISH CREAM,bradley irish cream,101003,2,BRADLEY S CAPPUCCINO CREAM (2),sizes:1|flavors:1,bradley
false,brancoveanu,BRANCOVEANU XO,brancoveanu xo,100989,10,BRANCOVEANU V O S P (10),sizes:1,brancoveanu|brancoveanu xo
false,branson,BRANSON XO COGNAC,branson xo cognac,21217,10,BRANSON ROYAL VSOP (10),sizes:1,branson|branson grande|branson phantom|branson xo|branson royal
false,bravacha,BRAVACHA HORCHATA CREAM LIQ,bravacha horchata cream liq,30630,-6,BRAVACHA HORCHTA PEPPERMINT CR (-6),sizes:1|flavors:2,bravacha|bravacha horchata|bravacha horchta
false,breckenridge,BRECKENRIDGE GIN,breckenridge gin,19111,10,BRECKENRIDGE MADEIRA CASK (10),sizes:1,breckenridge|breckenridge patriotic|breckenridge high|breckenridge madeira|breckenridge mountain
false,brenne,BRENNE TEN VINTAGE VHISKEY,brenne ten vintage vhiskey,34565,10,BRENNE SINGLE MALT ESTATE CASK (10),sizes:1,brenne|brenne single|brenne ten
false,brinley,BRINLEY GOLD SHIPWRECK MANGO,brinley gold shipwreck mango,9673,2,BRINLEY GOLD SHIPWRECK SPICED (2),sizes:1|flavors:1,brinley|brinley gold
false,brockmans,BROCKMANS GIN,brockmans gin,19166,10,BROCKMANS GIN AGAVE CUT (10),sizes:1,brockmans|brockmans orange
false,brody,BRODY S AIR MAIL RUM,brody air mail rum,30870,10,BRODY S FRENCH 75 GIN (10),sizes:1,brody
false,brook,BROOK HILL RYE WHISKEY,brook hill rye whiskey,34931,10,BROOK HILL BOURBON WHISKEY (10),sizes:1,brook|brook hill
false,brother,BROTHER S BOND STRAIGHT BBN,brother bond straight bbn,22677,2,BROTHER S BOND AM BLENDED RYE (2),sizes:1|flavors:1,brother
false,brothers,BROTHERS OF THE LEAF STRAIGHT RYE WHISKEY,brothers of the leaf straight,101562,10,BROTHERS OF THE LEAF STRAIGHT BOURBON WHISKEY (10),sizes:1,brothers|brothers of|brothers bond
false,brown,BROWN JUG BOURBON CREAM,brown jug bourbon cream,12810,2,BROWN JUG ROOT BEER FLOAT (2),sizes:1|flavors:1,brown|brown jug
false,browne,BROWNE FAMILY SPIRITS RYE,browne family spirits rye,34673,10,BROWNE FAMILY SPIRITS BOURBON (10),sizes:1,browne|browne northwest|browne fam|browne family
false,bruichladdich,BRUICHLADDICH ISLAY BARLEY,bruichladdich islay barley,11832,10,BRUICHLADDICH OCTOMORE 15 2 (10),sizes:1,bruichladdich|bruichladdich yellow|bruichladdich islay|bruichladdich scottich|bruichladdich pc|bruichladdich the|bruichladdich 18|bruichladdich 1984|bruichladdich 1985|bruichladdich black|bruichladdich octomore|bruichladdich 30|bruichladdich port
false,bunnahabhain,BUNNAHABHAIN STIUIREADAIR,bunnahabhain stiuireadair,29679,10,BUNNAHABHAIN TOITEACH A DHA (10),sizes:1,bunnahabhain|bunnahabhain stiuireadair|bunnahabhain toiteach|bunnahabhain 18|bunnahabhain islay|bunnahabhain single|bunnahabhain csk|bunnahabhain turas
false,burrito,BURRITO FIESTERO CENIZO,burrito fiestero cenizo,35002,10,BURRITO FIESTERO ENSAMBLE (10),sizes:1,burrito|burrito fiestero
false,bushmills,BUSHMILLS IRISH,bushmills irish,25697,50,BUSHMILLS BLACK BUSH IRISH (50),sizes:5,bushmills|bushmills malt|bushmills black|bushmills irish|bushmills red|bushmills prohibition|bushmills 25|bushmills 30
false,bushwacker,BUSHWACKER COCONUT RUM CREM,bushwacker coconut rum crem,30070,-6,BUSHWACKER COCONUT RUM CREAM (-6),sizes:1|flavors:2,bushwacker|bushwacker coconut
false,butcher,BUTCHER S CUT BRRL PRF SNGL BL,butcher cut brrl prf sngl,18450,2,BUTCHER S CUT SNGL BRL BOOTLEG (2),sizes:1|flavors:1,butcher
false,butterfly,BUTTERFLY CANNON BLUE,butterfly cannon blue,24890,10,BUTTERFLY CANNON ANEJO (10),sizes:1,butterfly|butterfly cannon
false,buzzard,BUZZARD S ROOST CHAR 1 RYE,buzzard roost char rye,33449,10,BUZZARD S ROOST CHAR 1 BBN (10),sizes:1,buzzard
false,buzzballz,BUZZBALLZ TEQUILA RITA 30,buzzballz tequila rita 30,13539,10,BUZZBALLZ BIGGIES TEQ RITA (10),sizes:1,buzzballz|buzzballz biggies|buzzballz berry
false,cabo,CABO WABO ANEJO TEQ,cabo wabo anejo teq,84386,10,CABO WABO BLANCO TEQ (10),sizes:1,cabo|cabo wabo
false,cabresto,CABRESTO BLANCO,cabresto blanco,29962,10,CABRESTO REPOSADO (10),sizes:1,cabresto|cabresto anejo|cabresto extra|cabresto reposado|cabresto blanco
false,calumet,CALUMET FARM,calumet farm,10381,10,CALUMET FARM CERAMIC DECANTER (10),sizes:1,calumet|calumet farm
false,calypso,CALYPSO SPICED RUM,calypso spiced rum,11932,62,CALYPSO COCONUT RUM (62),sizes:7|flavors:1,calypso|calypso silver|calypso coconut|calypso white|calypso spiced|calypso gold
false,camarena,CAMARENA REPOSADO,camarena reposado,7386,60,CAMARENA SILVER (60),sizes:6,camarena|camarena reposado|camarena silver|camarena anejo
false,camus,CAMUS COGNAC XO,camus cognac xo,28292,10,CAMUS COGNAC VSOP (10),sizes:1,camus|camus extra|camus xo|camus very|camus borderies
false,cantera,CANTERA NEGRA ANEJO,cantera negra anejo,18797,20,CANTERA NEGRA SILVER (20),sizes:2,cantera|cantera negra|cantera verde
false,caol,CAOL ILA 12 YR,caol ila 12 yr,2010,0,CAOL ILA SPECIAL REL 2024 11YR (0),sizes:1|aged,caol|caol ila
false,cape,CAPE HORN NAVY EAGLE,cape horn navy eagle,100921,10,CAPE HORN MARINE EAGLE (10),sizes:1,cape|cape horn
false,capel,CAPEL PREMIUM PISCO,capel premium pisco,35840,10,CAPEL PISCO RESERVADO (10),sizes:1,capel|capel pisco|capel premium
false,cardenal,CARDENAL MENDOZA,cardenal mendoza,3023,10,CARDENAL MENDOZA 12 ELEMENTS (10),sizes:1,cardenal|cardenal mendoza
false,carmesi,CARMESI ANEJO,carmesi anejo,28829,10,CARMESI 1886 REPOSADO TEQUILA (10),sizes:1,carmesi|carmesi 1886|carmesi anejo
false,casa,CASA MAESTRI ANEJO,casa maestri anejo,31272,40,CASA MAESTRI BLANCO (40),sizes:4,casa|casa maestri|casa dragones|casa del|casa noble|casa manglar|casa 1560|casa azul|casa breck|casa satryna
false,casamigos,CASAMIGOS BLANCO,casamigos blanco,9794,50,CASAMIGOS ANEJO (50),sizes:5,casamigos|casamigos blanco|casamigos anejo|casamigos reposado|casamigos mezcal|casamigos cristalino|casamigos jalapeno|casamigos classic|casamigos spicy|casamigos repo|casamigos reposad
false,cascahuin,CASCAHUIN ANEJO TEQUILA,cascahuin anejo tequila,101551,10,CASCAHUIN REPOSADO TEQUILA (10),sizes:1,cascahuin|cascahuin tahona|cascahuin anejo|cascahuin reposado
false,casino,CASINO AZUL ANEJO,casino azul anejo,20768,10,CASINO AZUL ANEJO BATTLESHIP (10),sizes:1,casino|casino azul
false,castarede,CASTAREDE BAS ARMAGNAC XO,castarede bas armagnac xo,28612,10,CASTAREDE BAS ARMAGNAC VSOP (10),sizes:1,castarede|castarede bas
false,catoctin,CATOCTIN CREEK SHENANDOAH GIN,catoctin creek shenandoah gin,100868,10,CATOCTIN CREEK ROUNDSTONE RYE (10),sizes:1,catoctin|catoctin creek
false,cava,CAVA ANTIGUA ANEJO TEQUILA,cava antigua anejo tequila,33754,10,CAVA ANTIGUA BLANCO TEQUILA (10),sizes:1,cava|cava antigua
false,cayeya,CAYEYA SINGLE BARREL ANEJO,cayeya single barrel anejo,29630,2,CAYEYA JOVEN SINGLE BARREL (2),sizes:1|flavors:1,cayeya|cayeya single|cayeya anejo|cayeya joven
false,cazcanes,CAZCANES ANEJO NO 7,cazcanes anejo no,29416,10,CAZCANES BLANCO NO 7 (10),sizes:1,cazcanes|cazcanes anejo|cazcanes blanco|cazcanes reposado|cazcanes no|cazcanes rosa
false,cazul,CAZUL 100 ANEJO,cazul 100 anejo,33119,14,CAZUL 100 SILVER (14),sizes:2|proof-line,cazul|cazul 100
false,cedar,CEDAR RIDGE STRAIGHT BOURBON,cedar ridge straight bourbon,28189,10,CEDAR RIDGE THE QUINTESSENTIAL (10),sizes:1,cedar|cedar ridge
false,cenote,CENOTE ANEJO,cenote anejo,17158,2,CENOTE BLANCO (2),sizes:1|flavors:1,cenote|cenote anejo|cenote blanco|cenote reposado|cenote cristalino
false,centenario,CENTENARIO EDICION LTD 30 YR,centenario edicion ltd 30 yr,17044,0,CENTENARIO ANEJO ESPECIAL 7 YR (0),sizes:1|aged,centenario|centenario edicion|centenario anejo
false,center,CENTER STAVE PORT FIN BBN CASK,center stave port fin bbn,35178,10,CENTER STAVE PORT FINISHED BBN (10),sizes:1,center|center stave
false,cenzon,CENZON ANEJO 100 DE AGAVE,cenzon anejo 100 de agave,19362,4,CENZON SILVER 100 DE AGAVE (4),sizes:1|proof-line,cenzon|cenzon anejo|cenzon reposado|cenzon silver
false,ch,CH DE LAUBADE ARMAGNAC XO,ch de laubade armagnac xo,26729,10,CH DE LAUBADE ARMAGNAC VSOP (10),sizes:1,
false,chamucos,CHAMUCOS TEQUILA ANEJO,chamucos tequila anejo,13782,10,CHAMUCOS TEQUILA BLANCO (10),sizes:1,chamucos
false,chattanooga,CHATTANOOGA WHISKEY,chattanooga whiskey,28997,10,CHATTANOOGA WHISKEY BIB (10),sizes:1,chattanooga|chattanooga whsky
false,chay,CHAY HIBISCUS VODKA,chay hibiscus vodka,36372,10,CHAY ORIGINAL WITH ALLULOSE (10),sizes:1,chay|chay coconut|chay lemon|chay vanilla|chay hibiscus|chay original
false,chestnut,CHESTNUT FARMS KY STRAIGHT BBN,chestnut farms ky straight bbn,30468,10,CHESTNUT FARMS DOUBLE CASK BBN (10),sizes:1,chestnut|chestnut farms
false,chica,CHICA CHIDA PEANUT BUTTER A,chica chida peanut butter,36616,10,CHICA CHIDA PEANUT BUTTER AGAV (10),sizes:1,chica|chica chida
false,chicken,CHICKEN COCK OLD GLORY,chicken cock old glory,101584,10,CHICKEN COCK RED STAVE (10),sizes:1,chicken|chicken cock
false,chinaco,CHINACO BLANCO,chinaco blanco,31058,10,CHINACO REPOSADO (10),sizes:1,chinaco|chinaco anejo|chinaco blanco|chinaco reposado
false,chinola,CHINOLA MANGO LIQUEUR,chinola mango liqueur,32224,12,CHINOLA PINEAPPLE LIQUEUR (12),sizes:2|flavors:1,chinola|chinola guava|chinola passion|chinola mango|chinola pineapple
false,chocolat,CHOCOLAT WHITE CHOCOLATE LIQ,chocolat white chocolate liq,28706,10,CHOCOLAT PEANUT BUTTER LIQUEUR (10),sizes:1,chocolat|chocolat peanut|chocolat salted|chocolat white
false,choya,CHOYA YUZU JAPANESE LIQUEUR,choya yuzu japanese liqueur,32424,10,CHOYA GOLDEN UME FRUIT LIQ JAP (10),sizes:1,choya|choya yuzu|choya golden
false,chum,CHUM CHURUM RICH,chum churum rich,3665,10,CHUM CHURUM SOJU (10),sizes:1,chum|chum churum
false,cihuatan,CIHUATAN PINEAPPLE RUM,cihuatan pineapple rum,30247,2,CIHUATAN JADE RUM 4 YR (0),sizes:1|flavors:1,cihuatan|cihuatan jade|cihuatan pineapple
false,cipriani,CIPRIANI LOND DRY GIN,cipriani lond dry gin,31922,10,CIPRIANI 7 PARTI AMARO (10),sizes:1,cipriani|cipriani lond
false,clairin,CLAIRIN SAJOUS,clairin sajous,33144,10,CLAIRIN LE ROCHER (10),sizes:1,clairin|clairin le|clairin sajous|clairin communal
false,classic,CLASSIC CLUB GIN,classic club gin,29073,20,CLASSIC CLUB VODKA (20),sizes:2,classic|classic club
false,classica,CLASSICA BLUE CURCAO,classica blue curcao,19428,10,CLASSICA BUTTERSCOTCH (10),sizes:1,classica|classica blue|classica butterscotch|classica peach|classica peppermint|classica triple
false,clement,CLEMENT BANA CANNE,clement bana canne,32375,20,CLEMENT MAHINA COCO (20),sizes:2,clement|clement vo|clement rhum|clement creole|clement select|clement mahina|clement bana|clement vsop|clement xo|clement private
false,clonakilty,CLONAKILTY IRISH WSKY DBL OAK,clonakilty irish wsky dbl oak,31118,10,CLONAKILTY IRISH WSKY PORT CSK (10),sizes:1,clonakilty|clonakilty irish
false,coa,COA DE JIMA SILVER,coa de jima silver,19342,10,COA DE JIMA REPOSADO (10),sizes:1,coa|coa de
false,coastal,COASTAL CLASSICS CORDIALS TRIPLE SEC,coastal classics cordials triple sec,101512,10,COASTAL CLASSICS CORDIALS BLUE CURACAO (10),sizes:1,coastal|coastal classics
false,codigo,CODIGO 1530 REPOSADO,codigo 1530 reposado,17384,40,CODIGO 1530 BLANCO (40),sizes:4,codigo|codigo 1530|codigo extra|codigo blanco|codigo repo
false,cognac,COGNAC PARK XO CIGAR BLEND,cognac park xo cigar blend,100159,10,COGNAC DE LUZE VS 1822 FINE CH (10),sizes:1,cognac|cognac park|cognac de
false,colonel,COLONEL E H TAYLOR STRAIT RYE,colonel taylor strait rye,29310,10,COLONEL E H TAYLOR CURED OAK BIB (10),sizes:1,colonel
false,comisario,COMISARIO ANEJO,comisario anejo,18948,20,COMISARIO BLANCO (20),sizes:2,comisario|comisario anejo|comisario blanco|comisario reposado
false,compass,COMPASS BOX HEDONISM,compass box hedonism,9677,10,COMPASS BOX METROPOLIS (10),sizes:1,compass|compass box
false,concerra,CONCERRA WHEAT VODKA,concerra wheat vodka,30783,10,CONCERRA POTATO VODKA (10),sizes:1,concerra|concerra potato|concerra wheat
false,conciere,CONCIERE GIN,conciere gin,18869,10,CONCIERE VODKA (10),sizes:1,conciere|conciere coffee|conciere silver|conciere triple
false,conjure,CONJURE,conjure,7367,10,CONJURE COGNAC (10),sizes:1,conjure
false,contraluz,CONTRALUZ TEQ CRISTALINO REPO,contraluz teq cristalino repo,35809,10,CONTRALUZ ARTESANAL MEZCAL CRI (10),sizes:1,contraluz|contraluz artesanal|contraluz teq
false,convite,CONVITE UNA MEZCAL,convite una mezcal,34267,10,CONVITE MEZCAL ESENCIAL (10),sizes:1,convite|convite mezcal|convite una
false,copalli,COPALLI CACAO RUM,copalli cacao rum,32226,10,COPALLI WHITE RUM (10),sizes:1,copalli|copalli barrel|copalli cacao|copalli white|copalli five
false,coppa,COPPA COCKTAILS COSMOPOLITAN,coppa cocktails cosmopolitan,25535,10,COPPA COCKTAIL TEQUILA SUNRISE (10),sizes:1,coppa|coppa cktls|coppa cocktail|coppa cocktails|coppa cocktls|coppa long
false,copper,COPPER DOG,copper dog,23646,10,COPPER KETTLE BUTTERED RUM (10),sizes:1,copper|copper kettle|copper dog|copper kings
false,coppercraft,COPPERCRAFT GIN,coppercraft gin,28039,10,COPPERCRAFT VODKA (10),sizes:1,coppercraft|coppercraft applejack|coppercraft blend|coppercraft citrus|coppercraft holland|coppercraft single|coppercraft toastd
false,coppermuse,COPPERMUSE AMARETTO,coppermuse amaretto,33572,10,COPPERMUSE LAVENDER VODKA (10),sizes:1,coppermuse|coppermuse horseradish|coppermuse lavender|coppermuse absinthe|coppermuse amaretto|coppermuse anejo|coppermuse blanco|coppermuse coffee|coppermuse cucumber|coppermuse reposado
false,corsair,CORSAIR DARK RYE,corsair dark rye,33096,10,CORSAIR RED ABSINTHE (10),sizes:1,corsair|corsair pot|corsair vanilla|corsair dark|corsair red
false,corte,CORTE FINO ANEJO TEQUILA,corte fino anejo tequila,31837,10,CORTE VETUSTO ENSAMBLE II (10),sizes:1,corte|corte vetusto|corte fino
false,corzo,CORZO ANEJO,corzo anejo,4584,10,CORZO SILVER (10),sizes:1,corzo|corzo anejo|corzo silver
false,courage,COURAGE CONVICTION,courage conviction,25806,10,COURAGE CONVCTION BBN CASK (10),sizes:1,courage|courage convction|courage conviction
false,craft,CRAFT POUR TRIPLE SEC LIQ,craft pour triple sec liq,35403,10,CRAFT POUR BLUE CURACAO LIQ (10),sizes:1,craft|craft pour
false,craigellachie,CRAIGELLACHIE SNGL MALT 13 YR,craigellachie sngl malt 13 yr,11955,0,CRAIGELLACHIE SNGL MALT 17 YR (0),sizes:1|aged,craigellachie|craigellachie sngl
false,craighouse,CRAIGHOUSE SM SCOTCH WHISKY 15 YR,craighouse sm scotch whisky 15,100235,0,CRAIGHOUSE SM SCOTCH WHISKY 12 YR (0),sizes:1|aged,craighouse|craighouse sm
false,craz,CRAZ LIMCELLO,craz limcello,22552,10,CRAZ ORANGCELLO (10),sizes:1,craz|craz limcello|craz limoncello|craz orangcello
false,creag,CREAG ISLE ISLAY SNGL MALT 33Y,creag isle islay sngl malt,26744,10,CREAG ISLE ISLAY SNGL MALT 10Y (10),sizes:1,creag|creag isle
false,cream,CREAM OF KENTUCKY BIB RYE,cream of kentucky bib rye,32850,2,CREAM OF KENTUCKY CSK STRENGTH (2),sizes:1|flavors:1,cream|cream of
false,cristiani,CRISTIANI BITTER,cristiani bitter,35405,10,CRISTIANI SAMBUCA (10),sizes:1,cristiani|cristiani amaretto|cristiani diamante|cristiani limoncello|cristiani maraschino|cristiani sambuca|cristiani orange|cristiani bitter
false,cruzan,CRUZAN AGED DARK,cruzan aged dark,83040,30,CRUZAN AGED LIGHT (30),sizes:3,cruzan|cruzan peach|cruzan blueberry|cruzan black|cruzan hurricane|cruzan aged|cruzan coconut|cruzan pineapple|cruzan island|cruzan banana|cruzan vanilla|cruzan mango|cruzan raspberry|cruzan strawberry|cruzan single|cruzan passion
false,cuco,CUCO X PLATA TEQUILA,cuco plata tequila,30784,20,CUCO X REPOSADO TEQUILA (20),sizes:2,cuco
false,dalho,DALHO SOJU LYCHEE 10PK,dalho soju lychee 10pk,101701,10,DALHO SOJU ORIGINAL 10PK (10),sizes:1,dalho|dalho soju
false,dalwhinnie,DALWHINNIE SCOTCH,dalwhinnie scotch,96296,10,DALWHINNIE DISTILLERS EDITION (10),sizes:1,dalwhinnie|dalwhinnie distillers
false,dampfwerk,DAMPFWERK PFEFFERMINZ 3,dampfwerk pfefferminz,31715,20,DAMPFWERK THE CRANE GIN (20),sizes:2,dampfwerk|dampfwerk heide|dampfwerk barreled|dampfwerk pear|dampfwerk pfefferminz|dampfwerk rabbit|dampfwerk helgolander|dampfwerk apple|dampfwerk aquavit|dampfwerk immature|dampfwerk orange|dampfwerk pfeffersack|dampfwerk single|dampfwerk the
false,damso,DAMSO SOJU,damso soju,29808,10,DAMSO YOGURT SOJU (10),sizes:1,damso|damso yogurt|damso kyoho|damso blueberry|damso lychee|damso peach|damso strawberry|damso watermelon|damso apple|damso ginger|damso grape|damso mandarin|damso soju
false,daon,DAON SOJU PLUM,daon soju plum,33105,10,DAON SOJU KIWI (10),sizes:1,daon|daon soju
false,dapper,DAPPER BARONS TRIPLE SEC,dapper barons triple sec,34826,10,DAPPER BARONS AMARETTO SOUR (10),sizes:1,dapper|dapper barons
false,dark,DARK HEDGES STOUT RYE CASK,dark hedges stout rye cask,30790,10,DARK HEDGES RUM CASK FINISH (10),sizes:1,dark|dark arts|dark hedges
false,davidoff,DAVIDOFF COGNAC XO,davidoff cognac xo,30692,10,DAVIDOFF COGNAC VSOP (10),sizes:1,davidoff
false,de,DE MONTAL V S ARMAGNAC,de montal armagnac,32622,10,DE NADA BLANCO TEQUILA (10),sizes:1,
false,dead,DEAD DROP GIN,dead drop gin,35880,10,DEAD DROP OLD FASHIONED (10),sizes:1,dead|dead drop
false,deau,DEAU COGNAC BLACK EXTRA,deau cognac black extra,101429,10,DEAU VSOP COGNAC KOSHER (10),sizes:1,deau|deau vsop
false,dee,DEE BROWN FIRST TASTE ANEJO,dee brown first taste anejo,29495,10,DEE BROWN FIRST TASTE REPOSADO (10),sizes:1,dee|dee brown
false,deep,DEEP EDDY VODKA,deep eddy vodka,11019,60,DEEP EDDY RUBY RED (60),sizes:6,deep|deep eddy
false,deko,DEKO COCKTAILS NUMBER 3,deko cocktails number,100333,10,DEKO COCKTAILS GOLD RUSH (10),sizes:1,deko|deko cocktails
false,dekuyper,DEKUYPER PEACHTREE,dekuyper peachtree,58297,42,DEKUYPER PEPPERMINT (42),sizes:5|flavors:1,dekuyper|dekuyper hot|dekuyper triple|dekuyper blue|dekuyper ol|dekuyper peppermint|dekuyper variety|dekuyper island|dekuyper creme|dekuyper orange|dekuyper strawberry|dekuyper sour|dekuyper melon|dekuyper watermelon|dekuyper razzmatazz|dekuyper red|dekuyper peachtree|dekuyper root|dekuyper buttershots|dekuyper grape|dekuyper cactus|dekuyper blackberry|dekuyper cr|dekuyper amaretto|dekuyper cherry
false,del,DEL DIA BLANCO,del dia blanco,31975,10,DEL MAGUEY VIDA (10),sizes:1,del|del maguey|del dia
false,delamain,DELAMAIN PALE DRY COGNAC,delamain pale dry cognac,8402,10,DELAMAIN XO PALE DRY COGNAC (10),sizes:1,delamain|delamain xo|delamain pale
false,deleon,DELEON ANEJO,deleon anejo,22341,20,DELEON BLANCO (20),sizes:2,deleon|deleon extra|deleon anejo|deleon blanco|deleon reposado
false,desert,DESERT DOOR TEXAS SOTOL,desert door texas sotol,26746,10,DESERT DOOR AGED TEXAS SOTOL (10),sizes:1,desert|desert door|desert island
false,detroit,DETROIT STEAM,detroit steam,12214,10,DETROIT 8 MILE VODKA (10),sizes:1,detroit|detroit red|detroit redwings|detroit city|detroit steam
false,devils,DEVILS RIVER AGAVE BOURBON,devils river agave bourbon,27531,10,DEVILS RIVER BOURBON WHISKY (10),sizes:1,devils|devils river
false,dexter,DEXTER THREE WOOD STRAIGHT BBN,dexter three wood straight bbn,30419,10,DEXTER 1800S DBL WINE STAVE FN (10),sizes:1,dexter|dexter three|dexter sb|dexter small|dexter 1800s
false,dill,DILL ISH PICKLEBACK,dill ish pickleback,33875,20,DILL ISH SPICY PICKLEBACK (20),sizes:2,dill|dill ish
false,dinastia,DINASTIA REAL ANEJO,dinastia real anejo,33428,10,DINASTIA REAL PLATA (10),sizes:1,dinastia|dinastia real
false,dingle,DINGLE SINGLE MALT,dingle single malt,31061,10,DINGLE POT STILL GIN (10),sizes:1,dingle|dingle pot|dingle single
false,dirty,DIRTY DILL PICKLE SHOTS,dirty dill pickle shots,34383,20,DIRTY DILL SPICY BLOODY MARY (20),sizes:2,dirty|dirty dill|dirty monkey
false,distillery,DISTILL MRV PLUM FRUIT BRANDY,distill mrv plum fruit brandy,32101,10,DISTILLERY MRV PEAR FRUIT BRND (10),sizes:1,distillery|distillery mrv|distill|distill mrv
false,doc,DOC HOLLIDAY BOTTLED IN BOND,doc holliday bottled in bond,35872,12,DOC SWINSON S ALTER EGO SOLERA (10),sizes:2|flavors:1,doc|doc holliday|doc swinson
false,don,DON JULIO BLANCO,don julio blanco,84110,50,DON JULIO REPOSADO (50),sizes:5,don|don londres|don julio|don roberto|don roberta|don ramon|don cayo|don fulano|don sergio|don teco|don gato|don alberto|don pipocho|don chinto
false,dona,DONA CELIA ANEJO,dona celia anejo,17734,10,DONA CELIA BLANCO (10),sizes:1,dona|dona celia|dona victoria
false,dos,DOS HOMBRES,dos hombres,23846,10,DOS PRIMOS ANEJO (10),sizes:1,dos|dos hombres|dos locos|dos maderas|dos primos|dos ron
false,double,DOUBLE TROUBLE VODKA,double trouble vodka,34511,10,DOUBLE EAGLE VERY RARE (10),sizes:1,double|double eagle|double trouble
false,douglas,DOUGLAS LAING SCALLYWAG,douglas laing scallywag,34255,10,DOUGLAS LAING ROCK ISLAND (10),sizes:1,douglas|douglas laing
false,dragon,DRAGON D OR XO COGNAC,dragon or xo cognac,33779,10,DRAGON S MILK OLD FASHIONED (10),sizes:1,dragon
false,dragons,DRAGONS MILK BR BRL BBN,dragons milk br brl bbn,9344,12,DRAGONS MILK OLD FASHIONED (10),sizes:2|flavors:1,dragons|dragons milk
false,drake,DRAKE S ORGANIC WHITE RUM,drake organic white rum,19262,20,DRAKE S ORGANIC XII PREMIUM (20),sizes:2,drake
false,drexel,DREXEL KINTRA,drexel kintra,30836,10,DREXEL PIRATA RUM (10),sizes:1,drexel|drexel bourbank|drexel kintra|drexel castle|drexel pirata
false,driftless,DRIFTLESS GLEN BBN DE NARANJA,driftless glen bbn de naranja,31969,10,DRIFTLESS GLEN SB BOURBON CASK (10),sizes:1,driftless|driftless glen
false,drillaud,DRILLAUD VIOLET,drillaud violet,26950,10,DRILLAUD ELDERFLOWER (10),sizes:1,drillaud|drillaud white|drillaud strawberry|drillaud orange|drillaud raspberry|drillaud blueberry|drillaud apricot|drillaud banana|drillaud blackberry|drillaud blackcurrant|drillaud elderflower|drillaud grapefruit|drillaud green|drillaud peach|drillaud pomegranate|drillaud violet
false,ds,DS TAYMAN LINKWOOD,ds tayman linkwood,32053,10,DS TAYMAN GLEN ELGIN (10),sizes:1,
false,dubouchett,DUBOUCHETT AMARETTO,dubouchett amaretto,96870,10,DUBOUCHETT TRIPLE SEC (10),sizes:1,dubouchett|dubouchett sassy|dubouchett amaretto|dubouchett peach|dubouchett triple|dubouchett blue
false,duck,DUCK CLUB BOURBON,duck club bourbon,100415,10,DUCK CLUB HIGH BRASS 110 PRF (10),sizes:1,duck|duck club
false,dunville,DUNVILLE S 1808 IRISH WHISKEY,dunville 1808 irish whiskey,31207,10,DUNVILLE S THREE CROWNS PEATED (10),sizes:1,dunville
false,dzama,DZAMA CUVEE BLANCHE RUM,dzama cuvee blanche rum,35557,10,DZAMA NOSY BE AMBER RUM (10),sizes:1,dzama|dzama cuvee|dzama nosy
false,eastern,EASTERN KILLE AGAVE SPIRIT,eastern kille agave spirit,34563,10,EASTERN KILLE UTILITY VODKA (10),sizes:1,eastern|eastern kille
false,eden,EDEN MILL GOLF GIN,eden mill golf gin,33013,10,EDEN MILL LOVE GIN (10),sizes:1,eden|eden mill|eden millsingle
false,edradour,EDRADOUR 10 YR,edradour 10 yr,100819,0,EDRADOUR CALEDONIA 12 YR (0),sizes:1|aged,edradour|edradour caledonia|edradour 10
false,egan,EGAN S ENDEAVOUR IRISH WHISKEY,egan endeavour irish whiskey,30593,10,EGAN S BONDER S BLEND IRISH WH (10),sizes:1,egan
false,eh,EH TAYLOR BIB BOURBON,eh taylor bib bourbon,53722,10,EH TAYLOR DISTILLER S COUNCIL (10),sizes:1,
false,el,EL JIMADOR SILVER,el jimador silver,4236,60,EL JIMADOR REPOSADO (60),sizes:6,
false,elijah,ELIJAH CRAIG SMALL BATCH,elijah craig small batch,85136,42,ELIJAH CRAIG STRAIGHT RYE WSKY (40),sizes:5|flavors:1,elijah|elijah craig
false,elvelo,ELVELO BLANCO,elvelo blanco,34876,10,ELVELO REPOSADO (10),sizes:1,elvelo|elvelo blanco|elvelo reposado
false,elvis,ELVIS STRAIGHT TENN WHISKEY,elvis straight tenn whiskey,24888,10,ELVIS MIDNIGHT SNACK PBB B WSK (10),sizes:1,elvis|elvis midnight
false,emerald,EMERALD COVE COCONUT RUM,emerald cove coconut rum,35414,12,EMERALD MIST IRISH CREAM (12),sizes:2|flavors:1,emerald|emerald cove|emerald mist
false,erotic,EROTIC FLAVOR TAMARIND,erotic flavor tamarind,35945,2,EROTIC FLAVOR SPICY MANGO (2),sizes:1|flavors:1,erotic|erotic flavor
false,esperalo,ESPERALO BLANCO TEQUILA,esperalo blanco tequila,35663,20,ESPERALO REPOSADO TEQUILA (20),sizes:2,esperalo|esperalo blanco|esperalo reposado
false,espolon,ESPOLON BLANCO,espolon blanco,21990,40,ESPOLON REPOSADO (40),sizes:4,espolon|espolon anejo|espolon extra|espolon blanco|espolon reposado|espolon cristalino|espolon flor
false,espy,ESPY HOUSE RYE WHISKEY,espy house rye whiskey,32877,10,ESPY HOUSE GEORGE 1794 (10),sizes:1,espy|espy house
false,ethan,ETHAN S RESERVE TN SORGHUM,ethan reserve tn sorghum,32054,2,ETHAN S RESERVE STRAIGHT BBN (2),sizes:1|flavors:1,ethan
false,ethanology,ETHANOLOGY MEL,ethanology mel,35167,10,ETHANOLOGY BRUMA GIN (10),sizes:1,ethanology|ethanology amarum|ethanology bruma|ethanology mel|ethanology triticum|ethanology blancus
false,etsu,ETSU JAPANESE GIN,etsu japanese gin,32550,10,ETSU SAKURA JAPANESE GIN (10),sizes:1,etsu|etsu pacific|etsu sakura|etsu orange|etsu yuzu|etsu japanese
false,executioner,EXECUTIONER BOURBON 10 YR,executioner bourbon 10 yr,31465,0,EXECUTIONER RYE WHISKEY 7 YR (0),sizes:1|aged,executioner|executioner rye
false,exotico,EXOTICO BLANCO,exotico blanco,11586,40,EXOTICO REPOSADO (40),sizes:4,exotico|exotico blanco|exotico reposado
false,fabrizia,FABRIZIA LIMONCELLO,fabrizia limoncello,12530,2,FABRIZIA LIMONCELLO SPRITZ (2),sizes:1|flavors:1,fabrizia|fabrizia limoncello|fabrizia crema
false,fathertime,FATHERTIME BOURBON,fathertime bourbon,35500,10,FATHERTIME CASK STRENGTH BBN (10),sizes:1,fathertime|fathertime empty|fathertime cask
false,ferrand,FERRAND COGNAC 1840,ferrand cognac 1840,10056,20,FERRAND DRY CURACAO (20),sizes:2,ferrand|ferrand dry
false,few,FEW RYE WHISKEY,few rye whiskey,13223,10,FEW BOURBON WHISKEY (10),sizes:1,few|few rye|few single|few smashing|few smokeworks|few cask
false,fidencio,FIDENCIO UNICO,fidencio unico,36244,10,FIDENCIO CLASICO (10),sizes:1,fidencio|fidencio clasico|fidencio unico|fidencio espadin
false,fiero,FIERO SERRANO,fiero serrano,30158,10,FIERO HABANERO (10),sizes:1,fiero|fiero habanero|fiero serrano
false,filmland,FILMLAND QUADRAFORCE,filmland quadraforce,34801,10,FILMLAND MOONLIGHT MAYHEM (10),sizes:1,filmland|filmland moonlight|filmland ryes|filmland quadraforce
false,five,FIVE O CLOCK GIN,five clock gin,27167,50,FIVE O CLOCK VODKA (50),sizes:5,five|five farms
false,flecha,FLECHA AZUL BLANCO,flecha azul blanco,25755,30,FLECHA AZUL REPOSADO (30),sizes:3,flecha|flecha azul
false,fleischmann,FLEISCHMANN S D D,fleischmann,27207,20,FLEISCHMANN S PREFERRED (20),sizes:2,fleischmann
false,fleur,FLEUR D ETE ELDERFLOWER LIQ,fleur ete elderflower liq,33273,10,FLEUR CHARMANTE ARTS LIQUEUR (10),sizes:1,fleur|fleur charmante
false,fordham,FORDHAM LEE BOURBON,fordham lee bourbon,35116,10,FORDHAM LEE HIGH RYE BOURBON (10),sizes:1,fordham|fordham lee
false,fort,FORT MOSE RYE WHISKEY,fort mose rye whiskey,100525,10,FORT MOSE BOURBON WHISKEY (10),sizes:1,fort|fort mose
false,fosforo,FOSFORO TOBALA,fosforo tobala,26034,10,FOSFORO TOBALA PENCA (10),sizes:1,fosforo|fosforo tobala|fosforo ensamble
false,foursquare,FOURSQUARE 2011,foursquare 2011,31667,10,FOURSQUARE EQUIDEM (10),sizes:1,foursquare|foursquare penultimus|foursquare covenant|foursquare 2011|foursquare equipoise|foursquare magisterium|foursquare equidem|foursquare convocation|foursquare mandamus
false,fox,FOX RIVER RYE WHISKEY,fox river rye whiskey,29333,10,FOX RIVER BOURBON WHISKEY (10),sizes:1,fox|fox river|fox oden
false,francois,FRANCOIS VOYER COGNAC XO,francois voyer cognac xo,33719,10,FRANCOIS VOYER COGNAC VS (10),sizes:1,francois|francois voyer
false,frank,FRANK AUGUST SMALL BATCH KY STRAIGHT RYE WHISKEY,frank august small batch ky,100121,2,FRANK AUGUST CASE STUDY 06 LEGACY RESERVE BBN WSKY (2),sizes:1|flavors:1,frank|frank august
false,fratelli,FRATELLI VINCENZI APERITIVO,fratelli vincenzi aperitivo,36898,10,FRATELLI VINCENZI SAMBUCA ITAL (10),sizes:1,fratelli|fratelli vincenzi
false,freeland,FREELAND SPIRITS GIN,freeland spirits gin,32234,10,FREELAND SPIRITS DRY GIN (10),sizes:1,freeland
false,frey,FREY RANCH STRAIGHT RYE,frey ranch straight rye,32435,10,FREY RANCH STRAIGHT BOURBON (10),sizes:1,frey|frey ranch
false,frigate,FRIGATE RESERVE RUM 8 YR,frigate reserve rum yr,32439,-8,FRIGATE RESERVE RUM 15 YR (-8),sizes:1|flavors:1|aged,frigate|frigate reserve
false,g4,G4 ANEJO,g4 anejo,35742,10,G4 BLANCO (10),sizes:1,
false,garrison,GARRISON BROS BOOT FLASK,garrison bros boot flask,32664,10,GARRISON BROTHERS SONORA (10),sizes:1,garrison|garrison brothers|garrison bros
false,gazdina,GAZDINA RAKIJA PEAR BRANDY,gazdina rakija pear brandy,15020,10,GAZDINA RAKIJA PLUM BRANDY (10),sizes:1,gazdina|gazdina rakija
false,george,GEORGE DICKEL RYE,george dickel rye,9433,20,GEORGE DICKEL OLD 8 (20),sizes:2,george|george dickel
false,giffard,GIFFARD MANGUE,giffard mangue,33202,10,GIFFARD LICHI LI (10),sizes:1,giffard|giffard coconut|giffard creme|giffard banane|giffard wild|giffard caribbean|giffard lichi|giffard fruit|giffard rhubarbe|giffard vanille|giffard abricot|giffard blue|giffard cafe|giffard cassis|giffard ginger|giffard mangue|giffard menthe|giffard piment|giffard triple
false,glasgow,GLASGOW DISTILLERY 1770 ORIG,glasgow distillery 1770 orig,34862,10,GLASGOW DIST 1770 TRIPLE DIST (10),sizes:1,glasgow|glasgow dist|glasgow distillery
false,glen,GLEN MORAY CLASSIC,glen moray classic,11691,10,GLEN SCOTIA VICTORIANA (10),sizes:1,glen|glen moray|glen fohdry|glen scotia|glen grant
false,glendalough,GLENDALOUGH ROSE GIN,glendalough rose gin,20069,10,GLENDALOUGH POT STILL IRISH (10),sizes:1,glendalough|glendalough dbl|glendalough rose|glendalough wild|glendalough pot
false,glendronach,GLENDRONACH 12 YR,glendronach 12 yr,10783,10,GLENDRONACH 18 YR (10),sizes:2|aged,glendronach|glendronach 12|glendronach 18|glendronach 21|glendronach revival|glendronach port|glendronach grandeur|glendronach 15|glendronach ode
false,glenfarclas,GLENFARCLAS SCOTCH 50 YR,glenfarclas scotch 50 yr,100363,0,GLENFARCLAS SCOTCH 35 YR (0),sizes:1|aged,glenfarclas
false,glenglassaugh,GLENGLASSAUGH TORFA,glenglassaugh torfa,30819,10,GLENGLASSAUGH PORTSOY (10),sizes:1,glenglassaugh|glenglassaugh portsoy|glenglassaugh sandend|glenglassaugh 12|glenglassaugh evolution|glenglassaugh torfa|glenglassaugh 2011|glenglassaugh 1972|glenglassaugh 1973|glenglassaugh 1974
false,glengoyne,GLENGOYNE CASK STRENGTH,glengoyne cask strength,28978,10,GLENGOYNE WHITE OAK SNGL MALT (10),sizes:1,glengoyne|glengoyne single|glengoyne mizunara|glengoyne 12|glengoyne 25|glengoyne cask|glengoyne 15|glengoyne 30|glengoyne white|glengoyne 18|glengoyne 10|glengoyne 21
false,glenlivet,GLENLIVET FOUNDER S RESERVE,glenlivet founder reserve,12919,32,GLENLIVET 12 YR (30),sizes:4|flavors:1,glenlivet|glenlivet founder|glenlivet 14|glenlivet enigma|glenlivet french|glenlivet 12|glenlivet nadurra|glenlivet fusion|glenlivet archive|glenlivet 40|glenlivet jamaica|glenlivet 25|glenlivet 18
false,glenrothes,GLENROTHES BOURBON CASK RSRV,glenrothes bourbon cask rsrv,15506,2,GLENROTHES 12 YR (0),sizes:1|flavors:1,glenrothes|glenrothes 12|glenrothes 18|glenrothes 15|glenrothes pocket
false,glenturret,GLENTURRET 23 PEAT SMOKED 10Y,glenturret 23 peat smoked 10y,31110,10,GLENTURRET 24 REL TRIPLE WOOD (10),sizes:1,glenturret|glenturret peat|glenturret 23|glenturret 24
false,godet,GODET VS COGNAC,godet vs cognac,100246,10,GODET VSOP COGNAC (10),sizes:1,godet|godet xo|godet vsop|godet vs
false,gonzalez,GONZALEZ 1939 ANEJO,gonzalez 1939 anejo,27512,10,GONZALEZ 1939 MEZCAL (10),sizes:1,gonzalez|gonzalez 1939
false,gordon,GORDON S VODKA,gordon vodka,60527,40,GORDON S D L D (40),sizes:4,gordon|gordon daniels|gordon macphail
false,grace,GRACE O MALLEY IRISH GIN,grace malley irish gin,35560,10,GRACE O MALLEY DARK CHAR CASK (10),sizes:1,grace|grace omalley
false,grands,GRANDS DOMAINES COGNAC XO,grands domaines cognac xo,26585,10,GRANDS DOMAINES COGNAC VS (10),sizes:1,grands|grands domaines
false,gray,GRAY WHALE GIN,gray whale gin,21938,20,GRAY WHALE VODKA (20),sizes:2,gray|gray whale|gray disguise|gray jay
false,grit,GRIT CITY VODKA LIONS EDITION,grit city vodka lions edition,33038,10,GRIT CITY BOURBON LIONS EDITIO (10),sizes:1,grit|grit city
false,guayabita,GUAYABITA DEL PINAR SECA,guayabita del pinar seca,36661,10,GUAYABITA DEL PINAR DULCE (10),sizes:1,guayabita|guayabita del
false,hamilton,HAMILTON DEMERARA,hamilton demerara,18841,20,HAMILTON JAMAICAN POT STILL (20),sizes:2,hamilton|hamilton jamaican|hamilton ministry|hamilton demerara|hamilton pimento|hamilton white|hamilton beachbum|hamilton breezeway
false,hampden,HAMPDEN ESTATE PAGOS,hampden estate pagos,33148,10,HAMPDEN ESTATE HLCF CLASSIC (10),sizes:1,hampden|hampden estate
false,hand,HAND BARREL KY STRAIGHT BBN,hand barrel ky straight bbn,29878,2,HAND BARREL DOUBLE OAK KY BBN (2),sizes:1|flavors:1,hand|hand barrel
false,handy,HANDY SCHILLER MANHATTAN,handy schiller manhattan,32262,10,HANDY SCHILLER PAPER PLANE (10),sizes:1,handy|handy schiller
false,hardhide,HARDHIDE CHILTON COUNTY PEACH WHISKEY,hardhide chilton county peach whiskey,53815,2,HARDHIDE PONCHATOULA STRAWBERRY WHISKEY (2),sizes:1|flavors:1,hardhide|hardhide ponchatoula|hardhide chilton
false,hardin,HARDIN S CREEK WHSE SRS 1R,hardin creek whse srs 1r,36310,10,HARDIN S CREEK WHSE SRS 2W (10),sizes:1,hardin
false,harmonic,HARMONIC SPIRITS PR MANHATTAN,harmonic spirits pr manhattan,32343,10,HARMONIC SPIRTS PR OLD FASHION (10),sizes:1,harmonic|harmonic spirts|harmonic sp
false,harpy,HARPY LIMONCELLO LIQUEUR,harpy limoncello liqueur,25009,12,HARPY ORANGECELLO LIQUEUR (12),sizes:2|flavors:1,harpy|harpy limoncello|harpy orangecello
false,hatozaki,HATOZAKI FINEST JAPANESE WHISK,hatozaki finest japanese whisk,20601,10,HATOZAKI OMAKASE PURE MLT WSKY (10),sizes:1,hatozaki|hatozaki finest|hatozaki small|hatozaki omakase|hatozaki umeshu
false,haut,HAUT DE VIGNE VS COGNAC,haut de vigne vs cognac,30507,20,HAUT DE VIGNE XO COGNAC (20),sizes:2,haut|haut de
false,havana,HAVANA CLUB ANEJO BLANCO,havana club anejo blanco,14476,10,HAVANA CLUB ANEJO CLASICO (10),sizes:1,havana|havana club
false,hawthorne,HAWTHORNE VODKA,hawthorne vodka,21220,10,HAWTHORNE REVIVAL GIN (10),sizes:1,hawthorne|hawthorne revival
false,haymans,HAYMANS SLOE GIN,haymans sloe gin,11854,10,HAYMANS OLD TOM GIN (10),sizes:1,haymans|haymans london|haymans sloe|haymans royal|haymans vibrant|haymans old
false,hedges,HEDGES BUTLER SCOTCH WHISKY,hedges butler scotch whisky,35946,20,HEDGES BUTLER SCOTCH WSK 12Y (20),sizes:2,hedges|hedges butler
false,hedonistas,HEDONISTAS DE LA FE CUISHE,hedonistas de la fe cuishe,30878,10,HEDONISTAS DE LA FE TOBALA (10),sizes:1,hedonistas|hedonistas de
false,hell,HELL CAT MAGGIE,hell cat maggie,12362,10,HELL HOUSE AMERICAN WHISKEY (10),sizes:1,hell|hell cat|hell house
false,hemingway,HEMINGWAY BOURBON WHISKEY,hemingway bourbon whiskey,35998,10,HEMINGWAY RYE SIGNATURE ED (10),sizes:1,hemingway|hemingway rye
false,henderson,HENDERSON APPLE WHISKEY,henderson apple whiskey,27652,12,HENDERSON PEACH WHISKEY (12),sizes:2|flavors:1,henderson|henderson apple|henderson peach|henderson vanilla
false,hermosa,HERMOSA CASAGAVE ANEJO,hermosa casagave anejo,34213,10,HERMOSA CASAGAVE BLANCO (10),sizes:1,hermosa|hermosa casagave
false,herradura,HERRADURA SILVER,herradura silver,7154,50,HERRADURA REPOSADO (50),sizes:5,herradura|herradura directo|herradura reposado|herradura anejo|herradura silver|herradura ultra|herradura legend|herradura variety|herradura blanco|herradura seleccion
false,hervas,HERVAS ANEJO TEQUILA,hervas anejo tequila,27571,10,HERVAS SILVER TEQUILA (10),sizes:1,hervas|hervas anejo|hervas reposado|hervas silver
false,heublein,HEUBLEIN 1792 MANHATTAN,heublein 1792 manhattan,26057,10,HEUBLEIN 1792 OLD FASHIONED (10),sizes:1,heublein|heublein 1792|heublein meyers|heublein wheatley|heublein corazon
false,hidden,HIDDEN BARN SERIES 1 SB BBN,hidden barn series sb bbn,35478,10,HIDDEN BARN MADEIRA CASK BBN (10),sizes:1,hidden|hidden barn
false,high,HIGH WEST DOUBLE RYE,high west double rye,10934,30,HIGH WEST BOURBON WHISKEY (30),sizes:3,high|high west|high rock|high bank|high goal|high ground|high horns
false,highline,HIGHLINE BOURBON,highline bourbon,31881,10,HIGHLINE TRIPLE RYE (10),sizes:1,highline|highline small|highline american|highline triple
false,hine,HINE RARE VSOP,hine rare vsop,9393,10,HINE HOMAGE (10),sizes:1,hine|hine cigar|hine rare|hine antique|hine homage
false,holladay,HOLLADAY SOFT RED WHEAT BBN,holladay soft red wheat bbn,31754,10,HOLLADAY SRW RICKHOUSE PROOF (10),sizes:1,holladay|holladay soft|holladay srw
false,hooten,HOOTEN YOUNG BIB BOURBON,hooten young bib bourbon,35529,10,HOOTEN YOUNG GOTHIC SERPNT RYE (10),sizes:1,hooten|hooten young
false,hope,HOPE VODKA,hope vodka,27225,10,HOPE FRENCH ORGANIC VODKA (10),sizes:1,hope|hope french
false,hornitos,HORNITOS PLATA,hornitos plata,4606,50,HORNITOS REPOSADO (50),sizes:5,hornitos|hornitos black|hornitos plata|hornitos cristalino|hornitos reposado|hornitos strawberry|hornitos anejo|hornitos cucumber|hornitos pineapple|hornitos lime
false,horos,HOROS LONGHORN BULL,horos longhorn bull,34661,10,HOROS SNAKE KING COGNAC XO (10),sizes:1,horos|horos snake|horos longhorn
false,horse,HORSE SOLDIER SIGNATURE SB BBN,horse soldier signature sb bbn,25003,10,HORSE SOLDIER STRAIGHT PREMIUM (10),sizes:1,horse|horse soldier
false,hoste,HOSTE THE MARTINI,hoste the martini,31732,10,HOSTE GOLD FASHIONED (10),sizes:1,hoste|hoste gold|hoste the
false,house,HOUSE OF HAZELWOOD THE OLD WAYS,house of hazelwood the old,100992,10,HOUSE OF HAZELWOOD THE EIGHT GRAIN (10),sizes:1,house|house of
false,humano,HUMANO BLANCO,humano blanco,100686,10,HUMANO REPOSADO (10),sizes:1,humano|humano reposado|humano blanco
false,hussong,HUSSONG S ANEJO TEQUILA,hussong anejo tequila,21542,10,HUSSONG S PLATINUM ANEJO (10),sizes:1,hussong
false,i,I W HARPER CABERNET CASK RSRV,harper cabernet cask rsrv,25557,2,I W HARPER 15 YR (0),sizes:1|flavors:1,
false,ilegal,ILEGAL MEZCAL JOVEN,ilegal mezcal joven,18130,10,ILEGAL MEZCAL ANEJO (10),sizes:1,ilegal|ilegal mezcal|ilegal unaged|ilegal reposado
false,indianos,INDIANOS TEQUILA ANEJO,indianos tequila anejo,32976,10,INDIANOS TEQUILA BLANCO (10),sizes:1,indianos
false,indri,INDRI DRU CASK STRENGTH,indri dru cask strength,32843,10,INDRI SINGLE MALT INDIAN WISKY (10),sizes:1,indri|indri single|indri dru
false,inquieto,INQUIETO ANEJO TEQUILA,inquieto anejo tequila,33783,10,INQUIETO PLATA TEQUILA (10),sizes:1,inquieto|inquieto anejo|inquieto extra|inquieto reposado|inquieto plata
false,insolito,INSOLITO ANEJO TEQUILA,insolito anejo tequila,27814,10,INSOLITO BLANCO TEQUILA (10),sizes:1,insolito|insolito blanco|insolito anejo|insolito reposado
false,inspiro,INSPIRO LUNA BLANCO TEQUILA,inspiro luna blanco tequila,28217,10,INSPIRO ROSA REPOSADO TEQUILA (10),sizes:1,inspiro|inspiro luna|inspiro rosa|inspiro special
false,invergordon,INVERGORDON SNGL GRAIN 30 YR,invergordon sngl grain 30 yr,36563,0,INVERGORDON SINGLE GRAIN 14 YR (0),sizes:1|aged,invergordon|invergordon single|invergordon sngl
false,iron,IRON FISH SALT MPL OLD FASHION,iron fish salt mpl old,29575,20,IRON FISH TOAST D GODFATHER OF (20),sizes:2,iron|iron fish
false,ironroot,IRONROOT HARBINGER BOURBON,ironroot harbinger bourbon,26773,10,IRONROOT ASSEMBLAGE BOURBON (10),sizes:1,ironroot|ironroot assemblage|ironroot harbinger|ironroot sleight
false,isautier,ISAUTIER MOLASSES RUM,isautier molasses rum,33150,10,ISAUTIER SUGARCANE RUM (10),sizes:1,isautier|isautier molasses|isautier sugarcane
false,islay,ISLAY BOYS FLATNOSE BLEND,islay boys flatnose blend,34865,10,ISLAY JOURNEY SERIES BLENDED (10),sizes:1,islay|islay mist|islay gold|islay journey|islay boys
false,isle,ISLE OF SKYE 8 YR,isle of skye yr,30726,10,ISLE OF SKYE 12 YR (10),sizes:2|aged,isle|isle of
false,italicus,ITALICUS LIQ,italicus liq,100279,10,ITALICUS ROSOLIO DI BERGAMOTTO (10),sizes:1,italicus|italicus liq|italicus rosolio
false,izarra,IZARRA JAUNE LIQUEUR,izarra jaune liqueur,30663,10,IZARRA VERTE LIQUEUR (10),sizes:1,izarra|izarra jaune|izarra verte
false,jackson,JACKSON MORGAN BANANA PUDDING,jackson morgan banana pudding,16777,12,JACKSON MORGAN WHIPPED ORANGE (12),sizes:2|flavors:1,jackson|jackson morgan
false,jacquin,JACQUIN S ROCK N RYE,jacquin rock rye,30847,10,JACQUIN S FIVE STAR BRANDY (10),sizes:1,jacquin
false,jaleo,JALEO ORO,jaleo oro,101760,10,JALEO PLATA (10),sizes:1,jaleo|jaleo plata|jaleo oro
false,jefferson,JEFFERSON S VSB,jefferson vsb,101386,20,JEFFERSON S BOURBON (20),sizes:2,jefferson
false,jeppson,JEPPSON S MALORT LIQ 6PK,jeppson malort liq 6pk,25387,10,JEPPSON S MALORT LIQUEUR (10),sizes:1,jeppson
false,jin,JIN JIJI INDIA DRY GIN,jin jiji india dry gin,32320,10,JIN JIJI DARJEELING INDIA DRY (10),sizes:1,jin|jin jiji
false,jinro,JINRO CHAMISUL FRESH SOJU,jinro chamisul fresh soju,35594,20,JINRO CHAMISUL ORIGINAL SOJU (20),sizes:2,jinro|jinro melon|jinro grapefruit|jinro green|jinro plum|jinro strawberry|jinro peach|jinro chamisul|jinro ilpoom|jinro is|jinro lemon|jinro 24
false,jj,JJ CORRY BONDERS 4 MALT GRAIN,jj corry bonders malt grain,34787,10,JJ CORRY BONDERS 1 SNGLE GRAIN (10),sizes:1,
false,johnnie,JOHNNIE WALKER RED LABEL,johnnie walker red label,19967,60,JOHNNIE WALKER BLACK LABEL (60),sizes:6,johnnie|johnnie walker|johnnie walk
false,johnny,JOHNNY S GIN,johnny gin,36197,10,JOHNNY DRUM PRIVATE STOCK (10),sizes:1,johnny|johnny drum
false,jose,JOSE CUERVO ESPECIAL SILVER,jose cuervo especial silver,5506,70,JOSE CUERVO ESPECIAL GOLD (70),sizes:7,jose|jose cuervo
false,joseph,JOSEPH MAGNUS STRAIGHT BBN,joseph magnus straight bbn,16748,10,JOSEPH MAGNUS CIGAR BLEND BBN (10),sizes:1,joseph|joseph magnus
false,jp,JP WISERS MANHATTAN CKTAIL,jp wisers manhattan cktail,26119,10,JP WISERS MANHATTAN COCKTAIL (10),sizes:1,
false,juegos,JUEGOS MEXICANOS ANEJO,juegos mexicanos anejo,29445,10,JUEGOS MEXICANOS BLANCO (10),sizes:1,juegos|juegos mexicanos
false,jung,JUNG WULFF GUYANA RUM,jung wulff guyana rum,36513,10,JUNG WULFF TRINADAD RUM (10),sizes:1,jung|jung wulff
false,junipero,JUNIPERO GIN BLUE BOTTLE,junipero gin blue bottle,31327,10,JUNIPERO SMOKED ROSEMARY (10),sizes:1,junipero|junipero smoked
false,jura,JURA SEVEN WOOD,jura seven wood,33475,10,JURA BOURBON CASK (10),sizes:1,jura|jura 12|jura 18|jura 21|jura seven
false,kai,KAI VODKA,kai vodka,32507,10,KAI LYCHEE (10),sizes:1,kai|kai coconut|kai lemongrass|kai lychee|kai young
false,kaigan,KAIGAN GIN,kaigan gin,35128,10,KAIGAN JAPANESE WHISKY (10),sizes:1,kaigan|kaigan japanese|kaigan mizunara|kaigan sakura|kaigan sherry
false,kaiyo,KAIYO PX SHERI WHISKY,kaiyo px sheri whisky,33230,10,KAIYO 5 WOOD JAPANESE WHISKY (10),sizes:1,kaiyo|kaiyo px|kaiyo signature|kaiyo cask|kaiyo the
false,kalamazoo,KALAMAZOO STILLHOUSE GIN,kalamazoo stillhouse gin,16889,10,KALAMAZOO STILLHOUSE VODKA (10),sizes:1,kalamazoo|kalamazoo stillhouse
false,kalips05,KALIPS05 ROSA LIQUEUR,kalips05 rosa liqueur,101770,10,KALIPS05 AZUL LIQUEUR (10),sizes:1,kalips05|kalips05 rosa|kalips05 azul
false,kamiki,KAMIKI SAKURA WHISKY,kamiki sakura whisky,28066,10,KAMIKI INTENSE WHISKY (10),sizes:1,kamiki|kamiki intense|kamiki sakura|kamiki japanese
false,kaniche,KANICHE XO RUM,kaniche xo rum,26779,10,KANICHE FIJI ISLANDS XO RUM (10),sizes:1,kaniche|kaniche xo|kaniche reserve|kaniche fiji
false,kavalan,KAVALAN SHERRY OAK,kavalan sherry oak,17568,10,KAVALAN EX BOURBON OAK (10),sizes:1,kavalan|kavalan ex|kavalan sherry|kavalan distillery|kavalan port
false,keela,KEELA STRAWBERRY CREAM TEQUILA,keela strawberry cream tequila,100800,-6,KEELA MANGO CREAM WITH TEQUILA (-6),sizes:1|flavors:2,keela|keela strawberry|keela mango|keela coffee
false,keeper,KEEPER S HEART IRISH BOURBON,keeper heart irish bourbon,34010,20,KEEPER S HEART IRISH AMERICAN (20),sizes:2,keeper
false,kelt,KELT XO,kelt xo,29494,10,KELT VSOP (10),sizes:1,kelt|kelt vsop|kelt xo
false,kentucke,KENTUCKE COUNTY WHISKEY 6 YR,kentucke county whiskey yr,100955,0,KENTUCKE COUNTY WHISKEY 12 YR (0),sizes:1|aged,kentucke|kentucke county
false,ki,KI NO BI,ki no bi,100468,10,KI NO BI KYOTO JAP GRN TEA GIN (10),sizes:1,
false,kilchoman,KILCHOMAN SANAIG,kilchoman sanaig,23345,10,KILCHOMAN MACHIR BAY (10),sizes:1,kilchoman|kilchoman machir|kilchoman sanaig|kilchoman loch
false,killr,KILLR BIRTHDAY CAKE,killr birthday cake,31733,2,KILLR SQUEEZED LIME (2),sizes:1|flavors:1,killr|killr birthday|killr sour|killr squeezed
false,kind,KIND EARTH ORGANIC VODKA,kind earth organic vodka,34892,10,KIND VALLEY PASSION FRUIT (10),sizes:1,kind|kind valley|kind earth
false,king,KING S CREEK BLACK SM 4 YR,king creek black sm yr,27240,10,KING DANE REUNION RUM (10),sizes:2|aged,king|king of|king dane
false,kingsbarns,KINGSBARNS DOOCOT SNGL MALT,kingsbarns doocot sngl malt,33504,10,KINGSBARNS BALCOMIE SNGL MALT (10),sizes:1,kingsbarns|kingsbarns balcomie|kingsbarns doocot
false,kirk,KIRK AND SWEENEY 12 YR,kirk and sweeney 12 yr,11785,0,KIRK AND SWEENEY 23 YR (0),sizes:1|aged,kirk|kirk and
false,kirkland,KIRKLAND VS COGNAC,kirkland vs cognac,33340,10,KIRKLAND SIGNATURE GIN (10),sizes:1,kirkland|kirkland sig|kirkland signature|kirkland canadian|kirkland golden|kirkland american|kirkland irish|kirkland highland|kirkland sm|kirkland lowland|kirkland single|kirkland gran|kirkland vs|kirkland islay
false,kiss,KISS DETROIT ROCK AGED RUM,kiss detroit rock aged rum,29354,10,KISS BLACK DIAMOND AGED RUM (10),sizes:1,kiss|kiss black|kiss cold|kiss detroit
false,knob,KNOB CREEK RYE,knob creek rye,8644,40,KNOB CREEK BBN (40),sizes:4,knob|knob creek
false,knobel,KNOBEL RYE WHISKEY,knobel rye whiskey,30563,10,KNOBEL RICKHOUSE EDITION (10),sizes:1,knobel|knobel rickhouse|knobel tennessee|knobel barrel|knobel rye
false,knucklenoggin,KNUCKLENOGGIN KETTLE CORN,knucklenoggin kettle corn,31076,2,KNUCKLENOGGIN PEANUT BUTTER (2),sizes:1|flavors:1,knucklenoggin|knucklenoggin salted|knucklenoggin cinnamon|knucklenoggin kettle|knucklenoggin peanut
false,koloa,KOLOA KAUAI DARK RUM,koloa kauai dark rum,28876,20,KOLOA KAUAI GOLD RUM (20),sizes:2,koloa|koloa kauai|koloa cask|koloa cane|koloa single
false,koval,KOVAL CRANBERRY GIN LIQUEUR,koval cranberry gin liqueur,18958,12,KOVAL BOURBON (10),sizes:2|flavors:1,koval|koval four|koval cranberry|koval rye|koval sngl
false,kyro,KYRO GIN,kyro gin,32007,10,KYRO PINK GIN (10),sizes:1,kyro|kyro malt|kyro oloroso|kyro peat|kyro wood|kyro pink
false,l,L EXCUSE LIQUEUR,excuse liqueur,30374,10,L EXCUSE YELLOW LIQUEUR (10),sizes:1,
false,laelia,LAELIA TEQUILA ANEJO,laelia tequila anejo,101465,20,LAELIA TEQUILA BLANCO (20),sizes:2,laelia
false,lagavulin,LAGAVULIN SCOTCH,lagavulin scotch,96426,10,LAGAVULIN DISTILLERS EDITION (10),sizes:1,lagavulin|lagavulin distillers|lagavulin 12|lagavulin offrman|lagavulin sweet
false,lagrimas,LAGRIMAS PLATA LA LOMA,lagrimas plata la loma,33634,10,LAGRIMAS PLATA EL SABINO (10),sizes:1,lagrimas|lagrimas del|lagrimas plata|lagrimas reposado
false,lake,LAKE LORE GIN,lake lore gin,29365,10,LAKE LORE RUM (10),sizes:1,lake|lake lore
false,lakes,LAKES DUNES VODKA,lakes dunes vodka,28690,10,LAKES DUNES BLANCO TEQUILA (10),sizes:1,lakes|lakes dunes
false,lamborghini,LAMBORGHINI ANEJO,lamborghini anejo,29423,10,LAMBORGHINI SILVER (10),sizes:1,lamborghini|lamborghini anejo|lamborghini silver|lamborghini reposado
false,lana,LANA ANEJO TEQUILA,lana anejo tequila,33137,10,LANA BLANCO TEQUILA (10),sizes:1,lana|lana anejo|lana blanco|lana reposado
false,largo,LARGO BAY GOLD RUM,largo bay gold rum,27273,20,LARGO BAY SILVER RUM (20),sizes:2,largo|largo bay
false,last,LAST CALL WHISKEY,last call whiskey,36499,10,LAST DROP IRISH WHISKEY (10),sizes:1,last|last drop|last call
false,lazzaroni,LAZZARONI AMARO,lazzaroni amaro,17408,10,LAZZARONI NOCINO (10),sizes:1,lazzaroni|lazzaroni limoncello|lazzaroni amaro|lazzaroni black|lazzaroni nocino|lazzaroni aperitivo|lazzaroni sambuca|lazzaroni amaretto|lazzaroni maraschino
false,le,LE FAVORI TRIPLE SEC,le favori triple sec,36154,10,LE VERGER FRENCH LIQUEUR (10),sizes:1,
false,leadslingers,LEADSLINGERS NAPALM CINNAMON,leadslingers napalm cinnamon,35445,2,LEADSLINGERS BOURBON 10 YR (0),sizes:1|flavors:1,leadslingers|leadslingers napalm
false,lecompte,LECOMPTE CALVADOS 5 YR,lecompte calvados yr,29791,0,LECOMPTE CALVADOS 12 YR (0),sizes:1|aged,lecompte|lecompte calvados
false,legado,LEGADO BLANCO,legado blanco,29085,20,LEGADO REPOSADO (20),sizes:2,legado|legado blanco|legado reposado
false,legent,LEGENT BOURBON WHISKEY,legent bourbon whiskey,19458,10,LEGENT YAMAZAKI CASK FINISH (10),sizes:1,legent|legent yamazaki
false,leiper,LEIPER S FORK DISTILLERY SB CASK STRENGTH BOURBON WHISKEY,leiper fork distillery sb cask,101581,10,LEIPER S FORK DISTILLERY SB CASK STRENGTH TENNESSEE WHISKEY (10),sizes:1,leiper
false,lepanto,LEPANTO GRAN RESERVA,lepanto gran reserva,26490,2,LEPANTO GRAN RESERVA P X (2),sizes:1|flavors:1,lepanto|lepanto gran
false,les,LES NORMA RED HORIZON,les norma red horizon,100522,10,LES NORMA SORREL SUNSET (10),sizes:1,les|les norma
false,liberty,LIBERTY LAGACIES COWBOY,liberty lagacies cowboy,100824,10,LIBERTY LAGACIES COMBAT SOLDIER (10),sizes:1,liberty|liberty lagacies|liberty legacies
false,limestone,LIMESTONE FARMS BLOODLINES,limestone farms bloodlines,31953,2,LIMESTONE FARMS PRIVATE STOCK (2),sizes:1|flavors:1,limestone|limestone farms
false,lindores,LINDORES ABBEY LOWLAND SM,lindores abbey lowland sm,28351,10,LINDORES ABBEY STR WINE BARRIQUE (10),sizes:1,lindores|lindores abbey
false,liquore,LIQUORE STREGA,liquore strega,28981,10,LIQUORE AMARETTO (10),sizes:1,liquore|liquore strega|liquore delle|liquore amaretto
false,little,LITTLE KRUGY,little krugy,20316,10,LITTLE BOOK CH 8 (10),sizes:1,little|little krugy|little book
false,llord,LLORD S COFFFEE,llord cofffee,20724,10,LLORD S AMARETTO (10),sizes:1,llord
false,lo,LO SIENTO ANEJO,lo siento anejo,33219,10,LO SIENTO BLANCO (10),sizes:1,
false,lobos,LOBOS 1707 JOVEN,lobos 1707 joven,23410,20,LOBOS 1707 REPOSADO (20),sizes:2,lobos|lobos 1707
false,loch,LOCH LOMOND ORIGINAL,loch lomond original,15128,10,LOCH LOMOND OPEN RIOJA CSK 23 (10),sizes:1,loch|loch lomond
false,loft,LOFT BEAR GIN,loft bear gin,36800,10,LOFT BEAR VODKA (10),sizes:1,loft|loft bear
false,london,LONDON LIQUEURS CANDY CANE,london liqueurs candy cane,36072,10,LONDON LIQUEURS ROSE WATER (10),sizes:1,london|london liqueurs
false,lone,LONE LIGHT GIN,lone light gin,30849,10,LONE LIGHT RUM (10),sizes:1,lone|lone light
false,los,LOS CABOS GOLD TEQUILA,los cabos gold tequila,35282,30,LOS CABOS SILVER TEQUILA (30),sizes:3,los|los vecinos|los siete|los arango|los cabos
false,lost,LOST IRISH,lost irish,30489,10,LOST LORE ANEJO TEQUILA (10),sizes:1,lost|lost lore|lost irish
false,lot,LOT NO 40,lot no 40,11169,10,LOT 40 DARK OAK CAN RYE WHISKY (10),sizes:1,lot|lot no|lot 40
false,louis,LOUIS ROYER VS,louis royer vs,34175,10,LOUIS ROYER VSOP (10),sizes:1,louis|louis royer
false,luca,LUCA MARIANO AMBASSADOR 86,luca mariano ambassador 86,30858,10,LUCA MARIANO OLD AMERICANA KSB (10),sizes:1,luca|luca mariano
false,lucano,LUCANO AMARO ANNIVERSARIO,lucano amaro anniversario,29269,10,LUCANO CAFFE ANNIVERSARIO (10),sizes:1,lucano|lucano limoncello|lucano amaro|lucano caffe|lucano sambuca
false,lucky,LUCKY STASH TEQUILA,lucky stash tequila,35948,10,LUCKY SEVEN THE HOLD UP (10),sizes:1,lucky|lucky cat|lucky seven|lucky stash
false,luna,LUNA DE JALISCO REPOSADO TEQ,luna de jalisco reposado teq,35187,10,LUNA DE JALISCO ANEJO TEQUILA (10),sizes:1,luna|luna de
false,lunazul,LUNAZUL BLANCO,lunazul blanco,4433,50,LUNAZUL REPOSADO (50),sizes:5,lunazul|lunazul primero|lunazul blanco|lunazul reposado|lunazul anejo|lunazul reposa
false,lusty,LUSTY CLAW,lusty claw,14261,10,LUSTY CLAW RYE WHISKEY (10),sizes:1,lusty|lusty claw
false,m,M H APEX SNGL POMEGRAN WINE,apex sngl pomegran wine,24090,10,M H ELEMENTS SNGL MLT PEATED (10),sizes:1,
false,m82,M82 CHROME VODKA,m82 chrome vodka,31705,20,M82 CUPRUM VODKA (20),sizes:2,m82|m82 chrome|m82 cuprum|m82 gold
false,macallan,MACALLAN 12 YR DOUBLE CASK,macallan 12 yr double cask,14196,10,MACALLAN LITHA (10),sizes:2|aged,macallan|macallan distil|macallan diamonds|macallan 12|macallan 18|macallan 25|macallan rare|macallan double|macallan classic|macallan harmony|macallan night|macallan horizon|macallan sherry|macallan time|macallan art|macallan red|macallan dist|macallan litha
false,mad,MAD ANGLER RIVERBED WHISKEY,mad angler riverbed whiskey,36606,10,MAD ANGLER SINGLE MALT COMMUNITY SPIRIT (10),sizes:1,mad|mad angler
false,maison,MAISON ROUGE V S,maison rouge,8890,10,MAISON ROUGE V S O P (10),sizes:1,maison|maison thomas|maison de|maison rouge
false,maiz,MAIZ NATION ANEJO WHISKEY,maiz nation anejo whiskey,53686,10,MAIZ NATION BLANCO WHISKEY (10),sizes:1,maiz|maiz nation
false,mammoth,MAMMOTH WOOLLY RYE,mammoth woolly rye,33327,10,MAMMOTH NORTHERN GIN (10),sizes:1,mammoth|mammoth northern|mammoth cherry|mammoth strawberry|mammoth lavender|mammoth triple|mammoth barrel|mammoth woolly|mammoth cask
false,maraska,MARASKA PELINKOVAC,maraska pelinkovac,18172,10,MARASKA MARASCHINO (10),sizes:1,maraska|maraska kosher|maraska kruskovac|maraska pelinkovac|maraska maraschino|maraska slivovitz|maraska williams|maraska nocelino
false,marie,MARIE BRIZARD YUZU,marie brizard yuzu,28619,10,MARIE BRIZARD APERITIVO (10),sizes:1,marie|marie brizard|marie duffau
false,marigot,MARIGOT BAY PEANUT RUM CREAM,marigot bay peanut rum cream,30750,2,MARIGOT BAY CHOC COFF RUM CREM (2),sizes:1|flavors:1,marigot|marigot bay
false,martin,MARTIN MILLER S WESTBOURNE ST,martin miller westbourne st,34727,10,MARTIN MILLER S LONDON DRY GIN (10),sizes:1,martin|martin miller
false,masterson,MASTER S LONDON DRY GIN,master london dry gin,29947,10,MASTER DISTILLERS VODKA (10),sizes:1,masterson|master|master distillers
false,mathilde,MATHILDE LIQUEUR POIRE,mathilde liqueur poire,16645,10,MATHILDE LIQUEUR CASSIS (10),sizes:1,mathilde
false,maxime,MAXIME TRIJOL VSOP,maxime trijol vsop,15383,10,MAXIME TRIJOL GRAND CHAMP XO (10),sizes:1,maxime|maxime trijol
false,mayenda,MAYENDA BLANCO,mayenda blanco,29716,10,MAYENDA REPOSADO (10),sizes:1,mayenda|mayenda blanco|mayenda reposado
false,mayor,MAYOR PINGREE RYE,mayor pingree rye,15536,10,MAYOR PINGREE BOURBON (10),sizes:1,mayor|mayor pingree
false,mcfarlane,MCFARLANE S RSRV KY STRAIT BBN,mcfarlane rsrv ky strait bbn,29213,12,MCFARLANE S RSVE 16PX CSK BBN (10),sizes:2|flavors:1,mcfarlane
false,meletti,MELETTI AMARO,meletti amaro,19763,10,MELETTI FERNET (10),sizes:1,meletti|meletti amaro|meletti coffee|meletti fernet|meletti limoncello|meletti sambuca
false,member,MEMBER S MARK ANEJO,member mark anejo,32094,20,MEMBER S MARK REPOSADO (20),sizes:2,member
false,members,MEMBERS MARK FRENCH VODKA,members mark french vodka,22573,10,MEMBERS MARK LONDON DRY GIN (10),sizes:1,members|members mark
false,merlet,MERLET COGNAC VS,merlet cognac vs,32854,10,MERLET COGNAC VSOP (10),sizes:1,merlet|merlet brothers|merlet c2|merlet creme|merlet lune|merlet selection|merlet soeurs|merlet trois|merlet fifrelet
false,mermaid,MERMAID GIN,mermaid gin,26599,10,MERMAID PINK GIN (10),sizes:1,mermaid|mermaid pink|mermaid zest
false,merrys,MERRYS IRISH CREAM LIQ IRE,merrys irish cream liq ire,83200,2,MERRYS WHITE CHOC IRISH CREAM (2),sizes:1|flavors:1,merrys|merrys irish|merrys white
false,metaxa,METAXA OUZO GR,metaxa ouzo gr,31553,10,METAXA 7 STARS (10),sizes:1,metaxa|metaxa ouzo|metaxa 12
false,method,METHOD AND MADNESS SNGL POT,method and madness sngl pot,28271,10,METHOD AND MADNESS RYE MALT (10),sizes:1,method|method and
false,mexxo,MEXXO MEZCAL,mexxo mezcal,100723,10,MEXXO BLANCO TEQUILA (10),sizes:1,mexxo|mexxo mezcal|mexxo blanco
false,mfm,MFM SMALL BATCH PLATA,mfm small batch plata,35612,2,MFM SMALL BATCH REPOSADO (2),sizes:1|flavors:1,mfm|mfm small
false,mi,MI CAMPO BLANCO,mi campo blanco,18579,40,MI CAMPO REPOSADO (40),sizes:4,
false,michter,MICHTER S BOURBON,michter bourbon,10853,10,MICHTER S AMERICAN (10),sizes:1,michter
false,middle,MIDDLE WEST WHEAT WHISKEY,middle west wheat whiskey,34020,10,MIDDLE WEST SB WHEAT WSKY (10),sizes:1,middle|middle west
false,midleton,MIDLETON FORET DE TRONCAIS,midleton foret de troncais,32018,10,MIDLETON VERY RARE VINTAGE REL (10),sizes:1,midleton|midleton very|midleton barry|midleton foret|midleton vr
false,midnight,MIDNIGHT MOON APPLE PIE,midnight moon apple pie,7695,22,MIDNIGHT MOON PEANUT BUTTER (20),sizes:3|flavors:1,midnight|midnight moon|midnight bean
false,mijenta,MIJENTA REPOSADO,mijenta reposado,28376,10,MIJENTA CRISTALINO REPOSADO (10),sizes:1,mijenta|mijenta blanco|mijenta reposado|mijenta anejo|mijenta cristalino|mijenta repo|mijenta maestra
false,milagro,MILAGRO SILVER,milagro silver,1844,50,MILAGRO REPOSADO (50),sizes:5,milagro|milagro anejo|milagro reposado|milagro sel|milagro silver|milagro cristalino
false,minden,MINDEN MILL RYE,minden mill rye,34403,10,MINDEN MILL BOURBON (10),sizes:1,minden|minden mill
false,mio,MIO TEQUILA REPOSADO,mio tequila reposado,101741,10,MIO TEQUILA REPOSADO ROSE (10),sizes:1,mio
false,misionero,MISIONERO BLANCO TEQUILA,misionero blanco tequila,34334,10,MISIONERO REPOSADO TEQUILA (10),sizes:1,misionero|misionero blanco|misionero extra|misionero reposado
false,misto,MISTO BLOOD ORANGE HIBISCUS,misto blood orange hibiscus,34325,2,MISTO BLACKBERRY ROSEMARY TE (2),sizes:1|flavors:1,misto|misto blackberry|misto blood
false,moletto,MOLETTO GIN,moletto gin,29104,10,MOLETTO GRAPPA BARBERA (10),sizes:1,moletto|moletto grappa
false,molinari,MOLINARI CAFFE LIQ,molinari caffe liq,100837,10,MOLINARI SAMBUCA EXTRA (10),sizes:1,molinari|molinari caffe|molinari sambuca
false,monk,MONK S ROAD STRAIGHT RYE,monk road straight rye,35699,10,MONK S ROAD AMERICAN DRY GIN (10),sizes:1,monk
false,monkey,MONKEY SHOULDER,monkey shoulder,11186,30,MONKEY IN PARADISE (30),sizes:3,monkey|monkey head|monkey shoulder|monkey 47|monkey in|monkey spiced
false,monte,MONTE ALBAN SILVER,monte alban silver,7806,30,MONTE ALBAN REPOSADO (30),sizes:3,monte|monte alban|monte vista
false,montelobos,MONTELOBOS PECHUGA,montelobos pechuga,25933,10,MONTELOBOS MEZCAL JOVEN (10),sizes:1,montelobos|montelobos mezcal|montelobos ensamble|montelobos pechuga|montelobos tobala
false,montezuma,MONTEZUMA WHITE,montezuma white,59847,30,MONTEZUMA TRIPLE SEC 30 (30),sizes:3,montezuma|montezuma gold|montezuma white|montezuma triple|montezuma aztec|montezuma blue
false,moon,MOON DRPS MOONSHINE ORANGE DRL,moon drps moonshine orange drl,30478,2,MOON DROPS MOONSHINE APPLE PIE (2),sizes:1|flavors:1,moon|moon drps|moon drops
false,moses,MOSES ARAK,moses arak,32055,10,MOSES VODKA (10),sizes:1,moses|moses arak|moses date
false,mossburn,MOSSBURN FOURSQUARE WHISKY,mossburn foursquare whisky,31123,10,MOSSBURN DUPONT SPEY BLEND SW (10),sizes:1,mossburn|mossburn foursquare|mossburn dupont
false,motor,MOTOR CITY GAS SHAKEDOWN BBN,motor city gas shakedown bbn,33304,10,MOTOR CITY GAS DOG HOUSE RYE (10),sizes:1,motor|motor city
false,mount,MOUNT GAY SILVER,mount gay silver,100881,20,MOUNT ROYAL LIGHT (20),sizes:2,mount|mount gay|mount royal
false,mozart,MOZART CHOCOLATE CREAM,mozart chocolate cream,17014,22,MOZART WHITE CHOCOLATE CREAM (22),sizes:3|flavors:1,mozart|mozart chocolate|mozart white|mozart dark|mozart choco
false,muff,MUFF LIQUOR CO IRISH GIN,muff liquor co irish gin,33067,10,MUFF LIQUOR CO IRISH VODKA (10),sizes:1,muff|muff liquor
false,mundo,MUNDO DE ORO ANEJO,mundo de oro anejo,31240,10,MUNDO DE ORO BLANCO (10),sizes:1,mundo|mundo de
false,murray,MURRAY HILL CLUB BOURBON,murray hill club bourbon,21537,10,MURRAY HILL CLUB SPEC RELEASE (10),sizes:1,murray|murray hill
false,naked,NAKED GROUSE,naked grouse,21033,10,NAKED DIABLO TEQUILA ANEJO (10),sizes:1,naked|naked diablo|naked grouse
false,natterjack,NATTERJACK IRISH WHISKEY,natterjack irish whiskey,28885,10,NATTERJACK IRISH CASK STRENGTH (10),sizes:1,natterjack|natterjack irish|natterjack quot
false,naud,NAUD COGNAC VSOP,naud cognac vsop,24695,10,NAUD EXTRA COGNAC (10),sizes:1,naud|naud extra|naud napoleon
false,nelson,NELSON BROTHERS CLASSIC BBN,nelson brothers classic bbn,36709,10,NELSON BROS CLASSIC WHIISKEY (10),sizes:1,nelson|nelson bros|nelson brothers
false,neta,NETA TEPEXTATE,neta tepextate,36239,10,NETA ESPADIN CAPON (10),sizes:1,neta|neta espadin|neta tepextate
false,never,NEVER SAY DIE KY STRAIGHT BBN,never say die ky straight,36469,10,NEVER SAY DIE KY STRAIGHT RYE (10),sizes:1,never|never say
false,newport,NEWPORT VODKA,newport vodka,60791,10,NEWPORT TRIPLE SEC (10),sizes:1,newport|newport butterscotch|newport white|newport sour|newport triple|newport blackberry
false,nh,NH WALLEYE RUN MALTED RYE,nh walleye run malted rye,31385,10,NH WALLEYE RUN SINGLE MALT (10),sizes:1,
false,niagara,NIAGARA FALLS CRAFT WHISKY,niagara falls craft whisky,33290,10,NIAGARA FALLS MAPLE RYE WHISKY (10),sizes:1,niagara|niagara falls
false,nicoya,NICOYA ANEJO RUM,nicoya anejo rum,100177,10,NICOYA BLANCO RUM (10),sizes:1,nicoya|nicoya blanco|nicoya anejo|nicoya pineapple|nicoya passion
false,nikka,NIKKA COFFEY GIN,nikka coffey gin,20656,10,NIKKA DAYS WHISKY (10),sizes:1,nikka|nikka coffey|nikka days|nikka miyagikyo|nikka yoichi|nikka nine
false,noble,NOBLE CUT MAPLE WHISKEY,noble cut maple whiskey,31233,10,NOBLE OAK DOUBLE OAK RYE (10),sizes:1,noble|noble oak|noble cut
false,nonino,NONINO L APERITIVO,nonino aperitivo,20995,10,NONINO GRAPPA CHARDONNAY (10),sizes:1,nonino|nonino grappa|nonino amaro|nonino quintessentia
false,norden,NORDEN AQUAVIT,norden aquavit,23442,10,NORDEN AQUAVIT AMERICAN OAK (10),sizes:1,norden|norden aquavit|norden valnot|norden flader|norden hallon
false,novo,NOVO FOGO SILVER CACHACA,novo fogo silver cachaca,22059,10,NOVO FOGO BAR STRNGTH SLVR CAC (10),sizes:1,novo|novo fogo
false,nozawa,NOZAWA ONSEN IWAI GIN,nozawa onsen iwai gin,36356,10,NOZAWA ONSEN CLASSIC DRY GIN (10),sizes:1,nozawa|nozawa onsen
false,nuestra,NUESTRA SOLEDAD EJUTLA,nuestra soledad ejutla,53688,10,NUESTRA SOLEDAD ZOQUITLAN (10),sizes:1,nuestra|nuestra soledad
false,number,NUMBER JUAN 2PK,number juan 2pk,29734,10,NUMBER JUAN REPOSADO (10),sizes:1,number|number juan
false,o,O NEILL S IRISH WHISKEY 5 YR,neill irish whiskey yr,35288,10,O RTE TEQUILA ANEJO (10),sizes:2|aged,
false,oak,OAK HOUSE SILVER RUM,oak house silver rum,101623,10,OAK EDEN WHEAT SPIRE (10),sizes:1,oak|oak house|oak eden
false,oakside,OAKSIDE COCKTAILS NEGRONI,oakside cocktails negroni,25042,10,OAKSIDE COCKTAILS MANHATTAN (10),sizes:1,oakside|oakside cocktail|oakside cocktails|oakside espresso
false,oban,OBAN LITTLE BAY,oban little bay,11941,10,OBAN DISTILLERS EDITION (10),sizes:1,oban|oban little|oban cask|oban 12|oban port|oban distillers|oban 14
false,oceano,OCEANO AZUL TEQ ANEJO,oceano azul teq anejo,35374,60,OCEANO AZUL TEQ BLANCO (60),sizes:6,oceano|oceano azul|ocean|ocean organic|ocean azul
false,ofc,OFC BOURBON 2004,ofc bourbon 2004,100576,10,OFC BOURBON 2006 (10),sizes:1,ofc
false,off,OFF HOURS BOURBON,off hours bourbon,24702,20,OFF HOURS STRAIGHT RYE WHISKEY (20),sizes:2,off|off hours
false,officer,OFFICER S CHOICE BLUE WHISKY,officer choice blue whisky,36816,10,OFFICER S CHOICE RARE WHISKY (10),sizes:1,officer
false,ole,OLE SMOKY SALTY CARAMEL WHSKY,ole smoky salty caramel whsky,16227,32,OLE SMOKY PEANUT BUTTER WHSKY (30),sizes:4|flavors:1,ole|ole smoky
false,ollitas,OLLITAS BLANCO TEQUILA,ollitas blanco tequila,31081,10,OLLITAS REPOSADO TEQUILA (10),sizes:1,ollitas|ollitas blanco|ollitas cristalino|ollitas reposado
false,onda,ONDA TEQUILA BLANCO,onda tequila blanco,31283,10,ONDA TEQUILA REPOSADO (10),sizes:1,onda
false,onikishi,ONIKISHI,onikishi,32983,10,ONIKISHI SAKURA (10),sizes:1,onikishi|onikishi sakura|onikishi tenbatsu
false,oregon,OREGON SPIRIT BIB RYE,oregon spirit bib rye,30517,10,OREGON SPIRIT ABSINTHE (10),sizes:1,oregon
false,original,ORIGINAL COCKTAILS BY HEUBLEIN PALOMA,original cocktails by heublein paloma,100759,10,ORIGINAL COCKTAILS BY HEUBLEIN MANHATTAN (10),sizes:1,original|original cocktails
false,orphan,ORPHAN BARREL FANGED PURSUIT,orphan barrel fanged pursuit,34059,2,ORPHAN BRRL CASTLE S CURSE 14Y (2),sizes:1|flavors:1,orphan|orphan brrl|orphan barrel
false,ouzo,OUZO ALASRIYA,ouzo alasriya,23778,10,OUZO KEFI BLUE (10),sizes:1,ouzo|ouzo alasriya|ouzo mini|ouzo of|ouzo kefi
false,padre,PADRE AZUL SUPER PREM SILVER,padre azul super prem silver,20246,50,PADRE AZUL SUPER PREMIUM ANEJO (50),sizes:5,padre|padre azul
false,padrote,PADROTE ANEJO 100 AGAVE TEQ,padrote anejo 100 agave teq,34142,4,PADROTE BLANCO 100 AGAVE TEQ (4),sizes:1|proof-line,padrote|padrote anejo|padrote blanco|padrote reposado
false,pages,PAGES VERVEINE DU VELAY VERTE,pages verveine du velay verte,33879,10,PAGES VERVEINE DU VELAY JAUNE (10),sizes:1,pages|pages verveine
false,palenqueros,PALENQUEROS ALBERTO ORTIZ ESPA,palenqueros alberto ortiz espa,33706,10,PALENQUEROS BALTAZAR CRUZ SIER (10),sizes:1,palenqueros|palenqueros alberto|palenqueros baltazar|palenqueros onofre|palenqueros valente
false,pantalones,PANTALONES TEQUILA ANEJO,pantalones tequila anejo,32454,10,PANTALONES TEQUILA BLANCO (10),sizes:1,pantalones
false,paolucci,PAOLUCCI AMARO CIOCIARO,paolucci amaro ciociaro,25377,10,PAOLUCCI AMARO CIOCIARO EX BIT (10),sizes:1,paolucci|paolucci amaro
false,pappy,PAPPY VAN WINKLE FAM RES 20 YR,pappy van winkle fam res,9529,0,PAPPY VAN WINKLE FAM RES 15 YR (0),sizes:1|aged,pappy|pappy van
false,para,PARA ELLOS ANEJO TEQUILA,para ellos anejo tequila,101002,10,PARA ELLOS EXTRA ANEJO TEQUILA (10),sizes:1,para|para ellos
false,parejo,PAREJO JUAN ENSAMBLE,parejo juan ensamble,53599,10,PAREJO MAGUEY CENIZO (10),sizes:1,parejo|parejo arrieta|parejo bienvenido|parejo juan|parejo maguey
false,parlor,PARLOR ROOM SAZERAC COCKTAIL,parlor room sazerac cocktail,100657,10,PARLOR ROOM SIDECAR COCKTAIL (10),sizes:1,parlor|parlor room
false,party,PARTY CAN COSMICPOLITAN,party can cosmicpolitan,24018,10,PARTY CAN TRIPLE SPICE MARG (10),sizes:1,party|party can|party horses
false,pasote,PASOTE ANEJO TEQUILA,pasote anejo tequila,36776,10,PASOTE BLANCO TEQUILA (10),sizes:1,pasote|pasote blanco|pasote anejo|pasote extra|pasote reposado
false,peerless,PEERLESS DOUBLE OAK RYE,peerless double oak rye,32659,10,PEERLESS HIGH RYE BOURBON (10),sizes:1,peerless|peerless old|peerless small|peerless double|peerless high|peerless toasted|peerless single|peerless sngl
false,pelacanas,PELACANAS BLANCO RUM,pelacanas blanco rum,53649,10,PELACANAS LLAMARADA RUM (10),sizes:1,pelacanas|pelacanas llamarada|pelacanas blanco
false,penderyn,PENDERYN LEGEND,penderyn legend,35077,10,PENDERYN MYTH SINGLE MALT (10),sizes:1,penderyn|penderyn myth|penderyn legend|penderyn celt|penderyn madeira
false,pennsylvania,PENNSYLVANIA DUTCH EGG NOG,pennsylvania dutch egg nog,9120,12,PENNSYLVANIA DUTCH CHOCOLATE (10),sizes:2|flavors:1,pennsylvania|pennsylvania dutch|penn|penn dutch
false,pere,PERE DOM BRANDY,pere dom brandy,34702,10,PERE MAGLOIRE FINE VS (10),sizes:1,pere|pere magloire|pere dom
false,pernod,PERNOD ANISE LIQ FR,pernod anise liq fr,95646,10,PERNOD ABSINTHE SUPERIEURE (10),sizes:1,pernod|pernod absinthe|pernod anise
false,perro,PERRO DE SAN JUAN BLUE,perro de san juan blue,32961,10,PERRO DE SAN JUAN BLACK (10),sizes:1,perro|perro de
false,petoskey,PETOSKEY STONE GIN,petoskey stone gin,17177,10,PETOSKEY STONE GIN FOSSILED (10),sizes:1,petoskey|petoskey stone
false,philidor,PHILIDOR VODKA,philidor vodka,35526,10,PHILIDOR AGAVE WHISKEY (10),sizes:1,philidor|philidor agave
false,pinaq,PINAQ ROSE,pinaq rose,23567,20,PINAQ ORIGINAL (20),sizes:2,pinaq|pinaq colada|pinaq original|pinaq rose|pinaq blue|pinaq rainbow
false,pintoresco,PINTORESCO ANEJO TEQUILA,pintoresco anejo tequila,33797,10,PINTORESCO BLANCO TEQUILA (10),sizes:1,pintoresco|pintoresco anejo|pintoresco blanco|pintoresco extra|pintoresco reposado
false,pisco,PISCO ABA,pisco aba,32326,10,PISCO MALPASO PEDRO JIMENEZ RE (10),sizes:1,pisco|pisco aba|pisco malpaso|pisco reservado
false,pizcadores,PIZCADORES BACANORA SILVER,pizcadores bacanora silver,30573,10,PIZCADORES RAICILLA SILVER (10),sizes:1,pizcadores|pizcadores bacanora|pizcadores raicilla
false,planat,PLANAT VS,planat vs,100067,10,PLANAT VSOP (10),sizes:1,planat|planat vsop|planat vs
false,plantation,PLANTATION RUM XAYMACA,plantation rum xaymaca,18183,10,PLANTATION RUM GUYANA 2007 (10),sizes:1,plantation
false,planteray,PLANTERAY RUM 3 STARS,planteray rum stars,31437,30,PLANTERAY RUM ORIGINAL DARK (30),sizes:3,planteray|planteray sc26|planteray xo|planteray mr|planteray sc|planteray sc25
false,porfidio,PORFIDIO PLATA,porfidio plata,33802,10,PORFIDIO REPOSADO (10),sizes:1,porfidio|porfidio extra|porfidio anejo|porfidio plata|porfidio reposado
false,port,PORT ROYAL DARK RUM,port royal dark rum,95450,30,PORT ROYAL LIGHT RUM (30),sizes:3,port|port char|port royal
false,porter,PORTER S MODERN CLASSIC GIN,porter modern classic gin,31952,10,PORTER S PEANUT BUTTER WHISKEY (10),sizes:1,porter
false,post,POST MERIDIEM SOUTHSIDE,post meridiem southside,32201,10,POST MERIDIEM COSMOPOLITAN (10),sizes:1,post|post meridiem|post merdiem
false,prairie,PRAIRIE ORGANIC GIN,prairie organic gin,17681,40,PRAIRIE ORGANIC VODKA (40),sizes:4,prairie|prairie organic|prairie ss
false,probitas,PROBITAS DARK RUM,probitas dark rum,100040,10,PROBITAS WHITE RUM (10),sizes:1,probitas|probitas dark|probitas white
false,prohibition,PROHIBITION COLLECTION WALTER B DUFFY BBN,prohibition collection walter duffy bbn,100539,10,PROHIBITION COLLECTION KENTUCKY RIVER WSKY (10),sizes:1,prohibition|prohibition collection
false,prolijo,PROLIJO TEQUILA,prolijo tequila,34868,10,PROLIJO ESPADIN JOVEN (10),sizes:1,prolijo|prolijo espadin
false,prospero,PROSPERO ANEJO TEQUILA,prospero anejo tequila,35929,10,PROSPERO REPOSADO TEQUILA (10),sizes:1,prospero|prospero anejo|prospero reposado
false,pueblo,PUEBLO VIEJO BLANCO TEQ,pueblo viejo blanco teq,33931,10,PUEBLO VIEJO REPOSADO TEQ (10),sizes:1,pueblo|pueblo viejo
false,puncher,PUNCHER S CHANCE,puncher chance,22223,2,PUNCHER S CHANCE DOUBLE HOOK (2),sizes:1|flavors:1,puncher
false,punchers,PUNCHERS CHANCE THE LEFT CROSS,punchers chance the left cross,27492,2,PUNCHERS CHANCE THE UNDISPUTED (2),sizes:1|flavors:1,punchers|punchers chance
false,pure,PURE KENTUCKY STRAIGHT BBN,pure kentucky straight bbn,34703,10,PURE SCOT SIG BLENDED SCOTCH (10),sizes:1,pure|pure scot|pure kentucky
false,purity,PURITY VODKA 51,purity vodka 51,100562,30,PURITY VODKA 34 (30),sizes:3,purity|purity old|purity nordic|purity london|purity citron
false,quezalteca,QUEZALTECA ESPECIAL,quezalteca especial,100935,10,QUEZALTECA JAMAICA HIBISCUS (10),sizes:1,quezalteca|quezalteca jamaica|quezalteca pina|quezalteca tamarindo|quezalteca mora|quezalteca especial
false,r,R JELINEK PLUM LIQUEUR,jelinek plum liqueur,30864,20,R JELINEK FERNET LIQUEUR (20),sizes:2,
false,rabbit,RABBIT HOLE HEIGOLD,rabbit hole heigold,21003,10,RABBIT HOLE RACEKING (10),sizes:1,rabbit|rabbit hole
false,rancho,RANCHO LA GLORIA JALAPENO LIME,rancho la gloria jalapeno lime,27771,2,RANCHO LA GLORIA PINK LEMONADE (2),sizes:1|flavors:1,rancho|rancho la
false,ransom,RANSOM OLD TOM GIN,ransom old tom gin,34908,10,RANSOM BOURBON WHISKEY (10),sizes:1,ransom|ransom old|ransom rye
false,rapid,RAPID RIVER RUM,rapid river rum,33383,20,RAPID RIVER VODKA (20),sizes:2,rapid|rapid river
false,rare,RARE STASH BOURBON 2,rare stash bourbon,29685,10,RARE STASH BOURBON 3 (10),sizes:1,rare|rare hare|rare stash|rare selection|rare character
false,rattle,RATTLE SNAP LIMITED REL 8 YR,rattle snap limited rel yr,35701,-8,RATTLE SNAP SMALL BATCH 4 YR (-8),sizes:1|flavors:1|aged,rattle|rattle snap
false,rclr,RCLR STRAIGHT RYE WHISKEY,rclr straight rye whiskey,34934,10,RCLR KY STRAIGHT BOURBON WSKY (10),sizes:1,rclr|rclr kentucky|rclr ky
false,recipe,RECIPE 21 DRY GIN,recipe 21 dry gin,100479,10,RECIPE 21 WHITE RUM (10),sizes:1,recipe|recipe 21
false,redbreast,REDBREAST LUSTAU,redbreast lustau,14868,10,REDBREAST PX SHERRY CASK (10),sizes:1,redbreast|redbreast irish|redbreast lustau|redbreast 27|redbreast tawny|redbreast missouri|redbreast px|redbreast iberian|redbreast cask
false,redemption,REDEMPTION RYE,redemption rye,14810,10,REDEMPTION BOURBON (10),sizes:1,redemption|redemption rye|redemption high|redemption wheated|redemption brrl|redemption surlee|redemption bbn
false,redondel,REDONDEL DIAMANTE SILVER,redondel diamante silver,36110,10,REDONDEL DIAMANTE REPOSADO (10),sizes:1,redondel|redondel diamante
false,redwood,REDWOOD EMPIRE VAN DUZEN,redwood empire van duzen,34685,10,REDWOOD EMPIRE ROCKET TOP (10),sizes:1,redwood|redwood empire
false,remus,REMUS DISTILLER S VAULT,remus distiller vault,100570,10,REMUS HIGHEST RYE BOURBON (10),sizes:1,remus|remus lou|remus distiller|remus repeal|remus single|remus gatsby|remus highest|remus babe|remus singel|remus sngl
false,remy,REMY MARTIN V S O P,remy martin,37507,50,REMY MARTIN 1738 ACCORD ROYAL (50),sizes:5,remy|remy martin
false,reserva,RESERVA DE LA FAMILIA ANEJO 2,reserva de la familia anejo,36498,2,RESERVA DE LA FAMILIA ANEJO 1 (2),sizes:1|flavors:1,reserva|reserva de
false,reve,REVE BLEU VS COGNAC,reve bleu vs cognac,30734,10,REVE BLEU XO COGNAC (10),sizes:1,reve|reve bleu
false,revel,REVEL STOKE BUTTERSQUATCH,revel stoke buttersquatch,53799,20,REVEL STOKE SHELLSHOCKED PECAN (20),sizes:2,revel|revel stoke
false,reviseur,REVISEUR VS COGNAC,reviseur vs cognac,30737,20,REVISEUR VSOP COGNAC (20),sizes:2,reviseur|reviseur vs|reviseur vsop|reviseur xo|reviseur xxo
false,rey,REY SUPREMO ANEJO,rey supremo anejo,31591,10,REY SUPREMO BLANCO (10),sizes:1,rey|rey sol|rey supremo
false,rhum,RHUM J M 80,rhum 80,11783,10,RHUM BOLOGNE (10),sizes:1,rhum|rhum bologne|rhum barbancourt
false,riazul,RIAZUL ANEJO,riazul anejo,16610,10,RIAZUL PLATA (10),sizes:1,riazul|riazul anejo|riazul plata|riazul reposado
false,ricarda,RICARDA AMOR ANEJO,ricarda amor anejo,30854,10,RICARDA AMOR BLANCO (10),sizes:1,ricarda|ricarda amor
false,rieger,RIEGER STRAIGHT RYE,rieger straight rye,34422,10,RIEGER STRAIGHT BOURBON (10),sizes:1,rieger|rieger kansas
false,rilo,RILO AGAVE BLANCO TEQUILA,rilo agave blanco tequila,101710,10,RILO AGAVE REPOSADO TEQUILA (10),sizes:1,rilo|rilo agave
false,rock,ROCK N VODKA,rock vodka,31374,10,ROCK TOWN BOURBON (10),sizes:1,rock|rock hill|rock town
false,roland,ROLAND BRU COGNAC XO,roland bru cognac xo,34629,10,ROLAND BRU COGNAC VSOP (10),sizes:1,roland|roland bru
false,ron,RON CARLOS SILVER,ron carlos silver,12706,20,RON ABUELO ANEJO BLANCO RUM (20),sizes:2,ron|ron centenario|ron anejo|ron izalco|ron veleiro|ron alegro|ron carlos|ron abuelo|ron rio|ron del|ron zacapa|ron hacienda|ron viejo|ron arecha|ron santero|ron matusalem
false,rosaluna,ROSALUNA ARTESANAL ORG MEZCAL,rosaluna artesanal org mezcal,35749,10,ROSALUNA MEZCAL JOVEN ORGANIC (10),sizes:1,rosaluna|rosaluna mezcal|rosaluna artesanal
false,roseisle,ROSEISLE 14 YR SR F26,roseisle 14 yr sr f26,35768,0,ROSEISLE CASK STRENGTH 12 YR (0),sizes:1|aged,roseisle|roseisle cask|roseisle 14
false,rosita,ROSITA GOLD,rosita gold,89720,10,ROSITA TRIPLE SEC (10),sizes:1,rosita|rosita triple|rosita gold
false,rothman,ROTHMAN WINTER ORCHARD PEAR,rothman winter orchard pear,36085,10,ROTHMAN WINTER ORCHARD APRIC (10),sizes:1,rothman|rothman winter
false,rotundo,ROTUNDO TEQUILA BLANCO,rotundo tequila blanco,101835,10,ROTUNDO TEQUILA REPOSADO (10),sizes:1,rotundo
false,row,ROW 94 BROKEN BRANCHES,row 94 broken branches,101852,10,ROW 94 KY STRAIGHT BOURBON (10),sizes:1,row|row 94
false,russell,RUSSELL S RESERVE RYE,russell reserve rye,4791,2,RUSSELL S RSRV SNGL RICKHOUSE (2),sizes:1|flavors:1,russell|russel
false,russian,RUSSIAN STANDARD GOLD,russian standard gold,18607,10,RUSSIAN STANDARD PLATINUM (10),sizes:1,russian|russian standard
false,rwb,RWB SPIRITS RED DAWN,rwb spirits red dawn,36808,10,RWB SPIRITS BLUE HORIZON (10),sizes:1,rwb
false,ry3,RY3 WHISKEY MADEIRA CASK,ry3 whiskey madeira cask,34739,10,RY3 WHISKEY CIGAR SERIES CS (10),sizes:1,ry3|ry3 light|ry3 tokaji
false,rysy,RYSY PREM ORG POLISH RYE VDKA,rysy prem org polish rye,35425,10,RYSY PREM ORG POLISH RYE VODKA (10),sizes:1,rysy|rysy prem
false,ryujin,RYUJIN JAPANESE MIZUNARA CASK,ryujin japanese mizunara cask,27655,10,RYUJIN JAPAN WHSKEY GOLD DRAGN (10),sizes:1,ryujin|ryujin japanese|ryujin japan
false,s,S MORES WHISKEY,mores whiskey,23635,10,S C HOWLING MOB BOURBON WHISKY (10),sizes:1,
false,sacrificio,SACRIFICIO MEZCAL ANEJO,sacrificio mezcal anejo,26837,10,SACRIFICIO MEZCAL TOBALA (10),sizes:1,sacrificio|sacrificio mezcal
false,sagamore,SAGAMORE SPIRIT RYE CASK,sagamore spirit rye cask,18526,10,SAGAMORE SPIRIT SHERRY FINISH (10),sizes:1,sagamore|sagamore rye
false,saints,SAINTS ALLEY BOURBON PORT COGNAC CASK,saints alley bourbon port cognac,26840,10,SAINTS ALLEY THE NOBLEMAN RYE BOURBON (10),sizes:1,saints|saints alley
false,sakurao,SAKURAO JAPANESE SINGLE MALT WHISKY,sakurao japanese single malt whisky,100920,10,SAKURAO JAPANESE SNGL MALT SAUTERNES WHISKY (10),sizes:1,sakurao|sakurao japanese
false,sammy,SAMMY S BEACH BAR RUM PLATINUM,sammy beach bar rum platinum,100441,10,SAMMY S BEACH BAR RUM RED HEAD MACADAMIA NUT (10),sizes:1,sammy
false,sango,SANGO BLANCO AGAVE,sango blanco agave,31144,10,SANGO REPOSADO AGAVE (10),sizes:1,sango|sango blanco|sango reposado
false,santa,SANTA CLARA ROMPOPE,santa clara rompope,32625,10,SANTA TERESA 1796 SOLERA RUM (10),sizes:1,santa|santa teresa|santa clara
false,santaleza,SANTALEZA ANEJO TEQUILA,santaleza anejo tequila,35934,10,SANTALEZA BLANCO TEQUILA (10),sizes:1,santaleza|santaleza anejo|santaleza blanco|santaleza reposado
false,santo,SANTO PURO MEZQUILA,santo puro mezquila,15909,10,SANTO PECADO BACANORA (10),sizes:1,santo|santo puro|santo fino|santo reposado|santo gusano|santo pecado|santo cuviso
false,satryna,SATRYNA TEQUILA ANEJO 1604,satryna tequila anejo 1604,53869,10,SATRYNA TEQUILA BLANCO 1604 (10),sizes:1,satryna|satryna xpresso
false,saturday,SATURDAY SOCIAL PINEAPPLE VODKA,saturday social pineapple vodka,101825,2,SATURDAY SOCIAL GRAPEFRUIT VODKA (2),sizes:1|flavors:1,saturday|saturday social
false,savage,SAVAGE COOKE CUSTOM BOURBON,savage cooke custom bourbon,33222,10,SAVAGE COOKE AMERICAN WHISKY (10),sizes:1,savage|savage cooke
false,savoy,SAVOY CRAFT MANHATTAN RTD,savoy craft manhattan rtd,32335,10,SAVOY GIMLET CRAFT COCKTAIL (10),sizes:1,savoy|savoy craft|savoy gimlet|savoy negroni
false,scapa,SCAPA 16 YR,scapa 16 yr,34310,0,SCAPA 21 YR (0),sizes:1|aged,scapa|scapa 16|scapa 21
false,scapegrace,SCAPEGRACE FORTUNA,scapegrace fortuna,30427,10,SCAPEGRACE GOLD GIN (10),sizes:1,scapegrace|scapegrace black|scapegrace gold|scapegrace dimension|scapegrace fortuna
false,scarabus,SCARABUS ISLAY SGL MALT SCOTCH,scarabus islay sgl malt scotch,26611,10,SCARABUS SHERRY CASK SNGL MALT SCOTCH (10),sizes:1,scarabus|scarabus batch|scarabus single|scarabus sherry|scarabus sngl|scarabus islay
false,seagram,SEAGRAM S EXTRA DRY,seagram extra dry,29837,70,SEAGRAM S EXTRA SMOOTH (70),sizes:7,seagram
false,sean,SEAN S IRISH CREAM,sean irish cream,18264,2,SEAN S WHITE CHOCOLATE CREAM (2),sizes:1|flavors:1,sean
false,seis,SEIS PUERTAS ANEJO,seis puertas anejo,29058,10,SEIS PUERTAS REPOSADO (10),sizes:1,seis|seis puertas
false,senor,SENOR SOTOL ANCESTRAL,senor sotol ancestral,35299,10,SENOR RIO TEQUILA ANEJO (10),sizes:1,senor|senor rio|senor sotol
false,serpentes,SERPENTES ANEJO,serpentes anejo,32882,10,SERPENTES BLANCO (10),sizes:1,serpentes|serpentes anejo|serpentes blanco|serpentes extra|serpentes reposado
false,shaku,SHAKU SAKE BERRY LIQUEUR,shaku sake berry liqueur,32677,12,SHAKU JAPANESE ORIGINAL SHOCHU (10),sizes:2|flavors:1,shaku|shaku japanese|shaku sake
false,shottys,SHOTTYS GREEN TEA SHOT,shottys green tea shot,32240,10,SHOTTYS GREEN TEA SHOT 8PK (10),sizes:1,shottys|shottys green|shottys cocktail|shottys peach|shottys lemon|shottys grape|shottys classic
false,shunka,SHUNKA SHUTO AUTUMN BLENDED WH,shunka shuto autumn blended wh,31526,10,SHUNKA SHUTO SPRING BLENDED WH (10),sizes:1,shunka|shunka shuto
false,siempre,SIEMPRE SUPREMO,siempre supremo,26633,10,SIEMPRE REBEL CASK (10),sizes:1,siempre|siempre exclusivo|siempre rebel|siempre supremo
false,siesta,SIESTA KEY COFFEE RUM,siesta key coffee rum,21150,2,SIESTA KEY SPICED RUM (2),sizes:1|flavors:1,siesta|siesta key
false,siete,SIETE LEGUAS BLANCO TEQUILA,siete leguas blanco tequila,101573,20,SIETE LEGUAS REPOSADO TEQUILA (20),sizes:2,siete|siete leguas
false,silverbelly,SILVERBELLY I D LOVE YOU,silverbelly love you,33217,10,SILVERBELLY WHISKEY DRTJB (10),sizes:1,silverbelly|silverbelly single|silverbelly birthday|silverbelly wsk
false,singleton,SINGLETON 12 YR,singleton 12 yr,15904,0,SINGLETON 15 YR (0),sizes:1|aged,singleton|singleton 12|singleton 15|singleton glen
false,sip,SIP SHINE ARNOLD SHINER,sip shine arnold shiner,25650,10,SIP THE SEASON WITCHES BREW (10),sizes:1,sip|sip the|sip shine
false,skelly,SKELLY ANEJO,skelly anejo,18497,10,SKELLY BLANCO (10),sizes:1,skelly|skelly blanco|skelly reposado|skelly anejo
false,skinos,SKINOS MASTIHA,skinos mastiha,30772,10,SKINOS DARK BITTERS (10),sizes:1,skinos|skinos mastiha|skinos dark
false,slipknot,SLIPKNOT NO 9 RSRV IOWA WHSKY,slipknot no rsrv iowa whsky,22595,2,SLIPKNOT NO 9 SMALL BATCH WSKY (2),sizes:1|flavors:1,slipknot|slipknot no
false,sluricane,SLURICANE,sluricane,12784,10,SLURICANE TOKYO TEA (10),sizes:1,sluricane|sluricane espresso|sluricane lemon|sluricane margarita|sluricane purple|sluricane tokyo
false,smir,SMIR ZERO SUG INFUSIONS L E,smir zero sug infusions,23321,10,SMIR ZERO SUGAR INFUSIONS C L (10),sizes:1,smir|smir zero
false,smoke,SMOKE WAGON DESERT COLT BBN,smoke wagon desert colt bbn,35844,10,SMOKE WAGON UNCUT UNFILTER BBN (10),sizes:1,smoke|smoke stack|smoke wagon
false,smokehead,SMOKEHEAD RUM REBEL WHISKY,smokehead rum rebel whisky,33174,10,SMOKEHEAD SHERRY BOMB WHISKY (10),sizes:1,smokehead|smokehead twisted|smokehead high|smokehead sherry|smokehead single|smokehead islay
false,smooth,SMOOTH AMBLER CONTRADICTION,smooth ambler contradiction,15647,10,SMOOTH AMBLER OLD SCOUT BBN (10),sizes:1,smooth|smooth ambler
false,solana,SOLANA SILVER AGAVE,solana silver agave,15990,10,SOLANA REPOSADO AGAVE TEQUILA (10),sizes:1,solana|solana silver|solana reposado
false,solento,SOLENTO ORGANIC TEQUILA ANEJO,solento organic tequila anejo,36529,20,SOLENTO ORGANIC TEQUILA BLANCO (20),sizes:2,solento|solento organic
false,solo,SOLO AGAVE BLANCO,solo agave blanco,35669,20,SOLO AGAVE REPOSADO (20),sizes:2,solo|solo agave
false,soonhari,SOONHARI PLUM,soonhari plum,34411,10,SOONHARI YOGURT (10),sizes:1,soonhari|soonhari citron|soonhari peach|soonhari apple|soonhari grape|soonhari strawberry|soonhari yogurt|soonhari lychee|soonhari plum
false,souberyan,SOUBERYAN SINGLE MALT SIGNATUR,souberyan single malt signatur,53613,10,SOUBERYAN SNGL MALT COGNAC CSK (10),sizes:1,souberyan|souberyan single|souberyan sngl
false,southbound,SOUTHBOUND ANEJO TEQUILA,southbound anejo tequila,35137,10,SOUTHBOUND BLANCO TEQUILA (10),sizes:1,southbound|southbound anejo|southbound blanco|southbound reposado
false,sparkle,SPARKLE DONKEY SILVER,sparkle donkey silver,9364,10,SPARKLE DONKEY REPOSADO (10),sizes:1,sparkle|sparkle donkey
false,speyburn,SPEYBURN SINGLE MALT 10 YR,speyburn single malt 10 yr,17684,10,SPEYBURN BRADAN ORACH (10),sizes:2|aged,speyburn|speyburn single|speyburn 18|speyburn bradan
false,spirit,SPIRIT HOUND CO HOT PEPPER,spirit hound co hot pepper,32736,10,SPIRIT HOUND COLORADO WHISKY (10),sizes:1,spirit|spirit of|spirit hound
false,spirited,SPIRITED UNION SPICED RUM,spirited union spiced rum,100090,2,SPIRITED UNION COCONUT RUM (2),sizes:1|flavors:1,spirited|spirited union
false,spring44,SPRING44 GIN,spring44 gin,33516,20,SPRING44 VODKA (20),sizes:2,spring44|spring44 honey
false,st,ST REMY V S O P FR,st remy fr,36887,40,ST BRENDAN S SUPERIOR IRISH CR (40),sizes:4,
false,stade,STADE S RUM BARBADOS BOND NO 8,stade rum barbados bond no,100747,12,STADE S RUM BARBADOS BEACH VAT NO 1 (10),sizes:2|flavors:1,stade
false,standard,STANDARD PROOF EMERALD RYE,standard proof emerald rye,35569,10,STANDARD PROOF WILDFLOWER RYE (10),sizes:1,standard|standard proof
false,star,STAR KEY PASSION FRUIT RUM,star key passion fruit rum,53832,10,STAR HILL FARM WHISKEY 2026 (10),sizes:1,star|star hill|star key
false,stara,STARA SOKOLOVA SLIVOVITZ,stara sokolova slivovitz,2518,10,STARA SOKOLOVA VILJAMOVKA (10),sizes:1,stara|stara sokolova
false,steam,STEAM CO GIN,steam co gin,100460,10,STEAM CO VODKA (10),sizes:1,steam|steam co
false,stella,STELLA ROSA PISTACHIO,stella rosa pistachio,34781,10,STELLA ROSA BUTTER TOFFEE (10),sizes:1,stella|stella rosa
false,stillhouse,STILLHOUSE VODKA,stillhouse vodka,26495,10,STILLHOUSE BLACK BOURBON (10),sizes:1,stillhouse|stillhouse original|stillhouse peach|stillhouse spiced|stillhouse black
false,stock,STOCK 84 RISERVA BRANDY,stock 84 riserva brandy,31055,12,STOCK DA BAR VODKA (10),sizes:2|flavors:1,stock|stock da|stock 84
false,storywood,STORYWOOD ANEJO TEQUILA,storywood anejo tequila,34775,10,STORYWOOD REPOSADO TEQUILA (10),sizes:1,storywood|storywood anejo|storywood reposado
false,straits,STRAITS GIN,straits gin,19747,10,STRAITS RUM (10),sizes:1,straits
false,stranahan,STRANAHAN S WHISKEY,stranahan whiskey,34745,10,STRANAHAN S SHERRY CASK (10),sizes:1,stranahan
false,strykover,STRYKOVER SLIVOVITZ LUXURY,strykover slivovitz luxury,32338,10,STRYKOVER SLIVOVITZ PREMIUM (10),sizes:1,strykover|strykover slivovitz
false,suavecito,SUAVECITO ANEJO,suavecito anejo,28922,10,SUAVECITO BLANCO (10),sizes:1,suavecito|suavecito anejo|suavecito blanco|suavecito extra|suavecito reposado
false,swear,SWEAR JAR MAPLE DONUT,swear jar maple donut,27566,10,SWEAR JAR CANADIAN WHISKY (10),sizes:1,swear|swear jar
false,sweet,SWEET REVENGE,sweet revenge,29065,10,SWEET GWENDOLINE GIN (10),sizes:1,sweet|sweet revenge|sweet gwendoline|sweet carolina
false,swift,SWIFT SM SAUTERNES FINISH,swift sm sauternes finish,35143,10,SWIFT SINGLE MALT TEXAS WHISKY (10),sizes:1,swift|swift single|swift sm
false,taaka,TAAKA VODKA,taaka vodka,33616,20,TAAKA GIN (20),sizes:2,taaka
false,takovo,TAKOVO SLJIVOVICAUM PLUM,takovo sljivovicaum plum,15785,10,TAKOVO DUNJA QUINCE BRANDY (10),sizes:1,takovo|takovo apricot|takovo dunja|takovo sljivovicaum|takovo viljamovka
false,talisker,TALISKER STORM,talisker storm,10530,10,TALISKER SCOTCH (10),sizes:1,talisker|talisker 30|talisker storm|talisker single|talisker distillers|talisker 14|talisker 18|talis|talis single
false,tamdhu,TAMDHU DISTINCTION,tamdhu distinction,34988,10,TAMDHU CIGAR MALT SINGLE MLT (10),sizes:1,tamdhu|tamdhu single|tamdhu batch|tamdhu cigar|tamdhu distinction|tamdhu speyside
false,tamnavulin,TAMNAVULIN DOUBLE CASK,tamnavulin double cask,100726,10,TAMNAVULIN SHERRY CASK ED (10),sizes:1,tamnavulin|tamnavulin sherry|tamnavulin double
false,tanduay,TANDUAY DOUBLE RUM,tanduay double rum,20297,10,TANDUAY ASIAN RUM GOLD (10),sizes:1,tanduay|tanduay asian|tanduay double
false,tanteo,TANTEO JALAPENO,tanteo jalapeno,21896,10,TANTEO BLANCO TEQUILA (10),sizes:1,tanteo|tanteo jalapeno|tanteo blanco|tanteo chipotle|tanteo habanero
false,tapatio,TAPATIO TEQUILA ANEJO,tapatio tequila anejo,24735,10,TAPATIO TEQUILA BLANCO (10),sizes:1,tapatio
false,tcapri,TCAPRI BLANCO TEQUILA,tcapri blanco tequila,28646,10,TCAPRI REPOSADO TEQUILA (10),sizes:1,tcapri|tcapri blanco|tcapri reposado
false,tcrl,TCRL PANAMA 2011 RUM,tcrl panama 2011 rum,36358,10,TCRL BELIZE 2007 SINGLE CASK (10),sizes:1,tcrl|tcrl belize|tcrl australia|tcrl guyana|tcrl panama
false,tears,TEARS OF LLORONA EXTRA ANEJO,tears of llorona extra anejo,20855,10,TEARS OF THE LEFT KENTUCKY STRAIGHT BOURBON (10),sizes:1,tears|tears of
false,teeling,TEELING WONDERS OF WOOD,teeling wonders of wood,32071,10,TEELING SINGLE POT STILL (10),sizes:1,teeling|teeling irish|teeling single|teeling wonders|teeling sb|teeling sngl
false,teitessa,TEITESSA 30 YR JAPANESE WHISKY,teitessa 30 yr japanese whisky,22929,0,TEITESSA 27 YR JAPANESE WHISKY (0),sizes:1|aged,teitessa|teitessa 30|teitessa 27|teitessa 25|teitessa 20
false,teky,TEKY LADY S EXTRA ANEJO,teky lady extra anejo,25279,10,TEKY LADY S ANEJO PURSE (10),sizes:1,teky|teky lady
false,telson,TELSON ANEJO,telson anejo,28245,20,TELSON BLANCO (20),sizes:2,telson|telson anejo|telson blanco|telson reposado|telson cristalino
false,tenjaku,TENJAKU GIN,tenjaku gin,29584,10,TENJAKU VODKA (10),sizes:1,tenjaku|tenjaku pure
false,teremana,TEREMANA REPOSADO TEQUILA,teremana reposado tequila,21675,50,TEREMANA BLANCO TEQUILA (50),sizes:5,teremana|teremana reposado|teremana blanco|teremana anejo
false,terralta,TERRALTA REPOSADO AGAVE AGED,terralta reposado agave aged,53618,10,TERRALTA BLANCO AGAVE TEQUILA (10),sizes:1,terralta|terralta blanco|terralta reposado
false,tesoro,TESORO AZUL BLANCO,tesoro azul blanco,101525,10,TESORO AZUL REPOSADO (10),sizes:1,tesoro|tesoro azul
false,thatcher,THATCHER S SMALL BATCH VODKA,thatcher small batch vodka,20149,12,THATCHER S CUCUMBER (10),sizes:2|flavors:1,thatcher|thatcher quot
false,thinkers,THINKERS FURTHERED VODKA,thinkers furthered vodka,35145,10,THINKERS FURTHERED BOURBON (10),sizes:1,thinkers|thinkers furthered
false,thomas,THOMAS ASHBOURNE COSMO,thomas ashbourne cosmo,26436,10,THOMAS H HANDY SAZERAC RYE (10),sizes:1,thomas|thomas ashbourne
false,thresh,THRESH WINNOW FORET GIN,thresh winnow foret gin,35921,10,THRESH WINNOW CITRINE GIN (10),sizes:1,thresh|thresh winnow
false,tierra,TIERRA SAGRADA ANEJO,tierra sagrada anejo,19122,10,TIERRA SAGRADA PLATA (10),sizes:1,tierra|tierra sagrada|tierra noble
false,tiffon,TIFFON VS COGNAC,tiffon vs cognac,32898,10,TIFFON XO COGNAC (10),sizes:1,tiffon|tiffon supreme|tiffon vs|tiffon vsop|tiffon extra|tiffon xo
false,tincup,TINCUP BOURBON,tincup bourbon,34109,30,TINCUP AMERICAN WHISKEY (30),sizes:3,tincup|tincup american|tincup 10|tincup rye
false,tip,TIP TOP NEGRONI,tip top negroni,32646,10,TIP TOP BEE S KNEES (10),sizes:1,tip|tip top
false,tipp,TIPP S GIN,tipp gin,101378,70,TIPP S RUM (70),sizes:7,tipp
false,tomas,TOMAS ARTESANAL TEPEZTATE,tomas artesanal tepeztate,29307,10,TOMAS ARTESANAL MILDLY SMOKY (10),sizes:1,tomas|tomas artesanal
false,tomatin,TOMATIN DUALCHAS,tomatin dualchas,10887,10,TOMATIN CASK STRENGTH WHISKEY (10),sizes:1,tomatin|tomatin dualchas|tomatin 12|tomatin port|tomatin cask|tomatin sherry|tomatin 18
false,tommy,TOMMY GUNS VODKA ROARING 20 S,tommy guns vodka roaring 20,11839,10,TOMMY GUNS ROARING 20 S WHISKY (10),sizes:1,tommy|tommy guns
false,tooters,TOOTERS BAMAMA HAMA,tooters bamama hama,17367,10,TOOTERS BLUE KAMIKAZI (10),sizes:1,tooters|tooters blue|tooters variety|tooters bamama
false,torada,TORADA GOLD,torada gold,571,30,TORADA WHITE (30),sizes:3,torada|torada white|torada gold
false,torres,TORRES 10 BRANDY,torres 10 brandy,20606,10,TORRES JAIME I (10),sizes:1,torres|torres 10|torres hors|torres orange|torres jaime|torres 15
false,tortilla,TORTILLA GOLD LIQ,tortilla gold liq,95800,20,TORTILLA SILVER LIQ (20),sizes:2,tortilla|tortilla gold|tortilla silver
false,toschi,TOSCHI FRAGOLI,toschi fragoli,100833,10,TOSCHI NOCELLO (10),sizes:1,toschi|toschi limoncello|toschi fragoli|toschi nocello
false,town,TOWN BRANCH BOURBON,town branch bourbon,33437,10,TOWN BRANCH IMPERIUM (10),sizes:1,town|town branch
false,tradewater,TRADEWATER BOURBON CREAM,tradewater bourbon cream,24908,2,TRADEWATER SMALL BATCH BBN (2),sizes:1|flavors:1,tradewater|tradewater small
false,transcontinental,TRANSCONTINENTAL RUM JAMAICA,transcontinental rum jamaica,33158,10,TRANSCONTINENTAL RUM BARBADOS (10),sizes:1,transcontinental
false,trascendente,TRASCENDENTE MEZCAL ENSAMBLE,trascendente mezcal ensamble,34620,10,TRASCENDENTE MEZCAL TARAMINDO (10),sizes:1,trascendente|trascendente mezcal
false,tres,TRES AGAVES BLANCO,tres agaves blanco,7020,20,TRES AGAVES REPOSADO (20),sizes:2,tres|tres agaves|tres papalote|tres generaciones|tres agave|tres mujeres
false,tributo,TRIBUTO DON NACHO ANEJO,tributo don nacho anejo,29919,10,TRIBUTO DON NACHO REPOSADO (10),sizes:1,tributo|tributo don
false,tromba,TROMBA TEQUILA ANEJO,tromba tequila anejo,23611,10,TROMBA TEQUILA BLANCO (10),sizes:1,tromba|tromba cendano
false,true,TRUE STORY STRAIGHT RYE WHISKEY VOL 2,true story straight rye whiskey,101564,10,TRUE STORY STRAIGHT BOURBON WHISKEY VOL 1 (10),sizes:1,true|true story
false,tumbler,TUMBLER ROCKS COSMO,tumbler rocks cosmo,31778,20,TUMBLER ROCKS EL MARG (20),sizes:2,tumbler|tumbler rocks
false,tus,TUS NALGUITAS SON MIAS BLANCO,tus nalguitas son mias blanco,36667,10,TUS NALGUITAS SON MIAS LYCHEE (10),sizes:1,tus|tus nalguitas
false,two,TWO JAMES NAIN ROUGE,two james nain rouge,12565,20,TWO JAMES CATCHER S RYE (20),sizes:2,two|two stars|two james|two trees|two stacks|two trick|two fingers
false,tycoon,TYCOON VS,tycoon vs,23556,10,TYCOON VODKA (10),sizes:1,tycoon|tycoon vs|tycoon vsop
false,ugly,UGLY DOG RUM,ugly dog rum,7342,10,UGLY DOG GIN (10),sizes:1,ugly|ugly dog
false,va,VA DISTILL PORT SNGL CASK FIN,va distill port sngl cask,32000,10,VA DISTILL CIDER CASK FINISHED (10),sizes:1,
false,vago,VAGO EL MANANTIAL,vago el manantial,35715,10,VAGO ESPADIN JOEL BARRIGA (10),sizes:1,vago|vago elote|vago espadin|vago ensamble|vago el
false,valentine,VALENTINE VODKA,valentine vodka,5671,10,VALENTINE LIBERATOR (10),sizes:1,valentine|valentine liberator|valentine berry|valentine lionblood|valentine white
false,valeo,VALEO GOLD TEQUILA,valeo gold tequila,19454,10,VALEO SILVER TEQUILA (10),sizes:1,valeo|valeo gold|valeo silver
false,valledor,VALLEDOR VS COGNAC,valledor vs cognac,35431,20,VALLEDOR VSOP COGNAC (20),sizes:2,valledor|valledor vs|valledor vsop|valledor xo
false,van,VAN GOGH DUTCH CARAMEL,van gogh dutch caramel,29519,22,VAN GOGH ACAI BLUEBERRY (22),sizes:3|flavors:1,van|van gogh|van winkle
false,varchas,VARCHAS VODKA,varchas vodka,34425,10,VARCHAS STRAIGHT BBN WHISKEY (10),sizes:1,varchas|varchas 250th|varchas reserve
false,vasanta,VASANTA ULTRA PREM ANEJO,vasanta ultra prem anejo,31693,10,VASANTA ULTRA PREM BLANCO (10),sizes:1,vasanta|vasanta ultra
false,vecchio,VECCHIO AMARO DEL CAPO,vecchio amaro del capo,15935,10,VECCHIO AMARO DEL CAPO RED HOT (10),sizes:1,vecchio|vecchio amaro
false,vedrenne,VEDRENNE BANANE,vedrenne banane,36360,10,VEDRENNE APERITIVO (10),sizes:1,vedrenne|vedrenne aperitivo|vedrenne banane|vedrenne fleur|vedrenne pamplemousse
false,veil,VEIL VANILLA VODKA,veil vanilla vodka,101633,22,VEIL (20),sizes:3|flavors:1,veil|veil double|veil vanilla|veil cranberry|veil pear|veil coconut|veil caramel|veil cherry|veil jalapeno|veil citron|veil pl|veil orange|veil peach|veil peppermint|veil raspberry|veil strawberry|veil watermelon|veil whipped
false,via,VIA CAROTA ESPRESSO MARTINI,via carota espresso martini,100709,12,VIA CAROTA MARTINI (10),sizes:2|flavors:1,via|via carota
false,viamundi,VIAMUNDI SOTOL,viamundi sotol,32701,10,VIAMUNDI RAICILLA (10),sizes:1,viamundi|viamundi mezcal|viamundi raicilla|viamundi sotol|viamundi charnada|viamundi charanda|viamundi bacanora
false,victoria,VICTORIA ROSE GIN,victoria rose gin,100156,10,VICTORIA INDIGO GIN (10),sizes:1,victoria|victoria rose|victoria indigo
false,vigilant,VIGILANT DISTRICT DRY GIN,vigilant district dry gin,22459,10,VIGILANT NAVY STRENGTH GIN (10),sizes:1,vigilant|vigilant district|vigilant navy
false,villa,VILLA ONE SILVER,villa one silver,20638,10,VILLA ONE REPOSADO (10),sizes:1,villa|villa maestrini|villa one|villa massa
false,vivamor,VIVAMOR ANEJO,vivamor anejo,31245,10,VIVAMOR BLANCO (10),sizes:1,vivamor|vivamor anejo|vivamor blanco|vivamor reposado
false,vizcaya,VIZCAYA BLACK RUM,vizcaya black rum,100020,10,VIZCAYA CRISTAL RUM (10),sizes:1,vizcaya|vizcaya vxop|vizcaya black|vizcaya cask|vizcaya cristal
false,volcan,VOLCAN BLANCO,volcan blanco,31288,20,VOLCAN REPOSADO (20),sizes:2,volcan|volcan blanco|volcan reposado|volcan xa
false,volteo,VOLTEO ORGANIC BLANCO,volteo organic blanco,34186,10,VOLTEO ORGANIC REPOSADO (10),sizes:1,volteo|volteo organic
false,warner,WARNER S RHUBARB GIN,warner rhubarb gin,35990,10,WARNER S ELDERFLOWER GIN (10),sizes:1,warner
false,waterford,WATERFORD PEATED CUVEE FUMO,waterford peated cuvee fumo,31259,10,WATERFORD ORGANIC CUVEE GAIA (10),sizes:1,waterford|waterford cuvee|waterford dunbell|waterford organic|waterford peated
false,waterloo,WATERLOO NO 9 GIN,waterloo no gin,36798,10,WATERLOO PRICKLY PEAR ROSE GIN (10),sizes:1,waterloo|waterloo barrel|waterloo no|waterloo prickly
false,watershed,WATERSHED GUILD GIN,watershed guild gin,21998,10,WATERSHED FOUR PEEL GIN (10),sizes:1,watershed|watershed four|watershed guild|watershed old|watershed bib|watershed uncut
false,weiss,WEISS VANISHING VODKA,weiss vanishing vodka,32408,10,WEISS STRAITJACKET GIN (10),sizes:1,weiss|weiss jezibaba|weiss arcane|weiss blind|weiss royal|weiss straitjacket|weiss vanishing
false,well,WELL GIN,well gin,19569,10,WELL VODKA (10),sizes:1,well
false,weller,WELLER SPECIAL RESERVE BOURBON,weller special reserve bourbon,92876,12,WELLER 12 YR (10),sizes:2|flavors:1,weller|weller special|weller full|weller single|weller 12|weller millennium
false,wellsley,WELLSLEY FARMS IRISH WHISKEY,wellsley farms irish whiskey,21302,10,WELLSLEY FARMS AMERICAN VODKA (10),sizes:1,wellsley|wellsley farms
false,wemyss,WEMYSS MALTS THE HIVE,wemyss malts the hive,33613,10,WEMYSS MALTS SPICE KING (10),sizes:1,wemyss|wemyss malts
false,west,WEST CORK BLACK CASK,west cork black cask,29283,10,WEST CORK BOURBON CSK IRISH WH (10),sizes:1,west|west cork
false,western,WESTERN SON CUCUMBER,western son cucumber,15162,50,WESTERN SON PRICKLY PEAR (50),sizes:5,western|western son
false,westland,WESTLAND SOLUM,westland solum,31206,10,WESTLAND BEER CASK FINISH (10),sizes:1,westland|westland american|westland solum|westland beer|westland garryana
false,westward,WESTWARD WHISKEY ORIGINAL,westward whiskey original,26463,10,WESTWARD RUM CASK WHISKEY (10),sizes:1,westward|westward whsky
false,whiplash,WHIPLASH WHIPPED CRM WHSKY,whiplash whipped crm whsky,35903,2,WHIPLASH WHIPPED CRM W 12PK (2),sizes:1|flavors:1,whiplash|whiplash whipped
false,whiskey,WHISKEY ROW BIB BOURBON,whiskey row bib bourbon,31959,20,WHISKEY ROW CASK STRENGTH BBN (20),sizes:2,whiskey|whiskey in|whiskey jypsi|whiskey row
false,whistlepig,WHISTLEPIG PIGGYBACK RYE 6 YR,whistlepig piggyback rye yr,21530,10,WHISTLEPIG PIGGYBACK BBN 6 YR (10),sizes:2|aged,whistlepig|whistlepig american|whistlepig wheat|whistlepig the|whistlepig old|whistlepig 15|whistlepig single|whistlepig double|whistlepig farmstock|whistlepig piggyback|whistlepig dbl|whistlepig boss|whistlepig beholden|whistlepig sngl|whistlepig summerstock|whistlepig piggybank|whistlepig campstock|whistlepig bespoke|whistlepig sb|whistlepig 12|whistlepig gravestock
false,whitley,WHITLEY NEILL DRY GIN,whitley neill dry gin,33715,10,WHITLEY NEILL QUINCE GIN (10),sizes:1,whitley|whitley neill
false,whitmore,WHITMORE DOLCE TIRAMISU,whitmore dolce tiramisu,101418,10,WHITMORE CHOCOLATE TRUFFLE (10),sizes:1,whitmore|whitmore dolce|whitmore creamy|whitmore classic|whitmore chocolate
false,widow,WIDOW JANE DECADENCE,widow jane decadence,29854,10,WIDOW JANE THE VAULTS (10),sizes:1,widow|widow jane
false,wildcat,WILDCAT BROTHERS NOIRE,wildcat brothers noire,23654,10,WILDCAT BROTHERS FIFOLET (10),sizes:1,wildcat|wildcat brothers
false,wilderness,WILDERNESS TRAIL WHEATED BIB,wilderness trail wheated bib,19643,10,WILDERNESS TRAIL HIGH RYE BIB (10),sizes:1,wilderness|wilderness trail
false,willem,WILLEM BARENTSZ HANDCRFT GIN,willem barentsz handcrft gin,32342,10,WILLEM BARENTSZ HANDCRAFT GIN (10),sizes:1,willem|willem barentsz
false,willett,WILLETT POT STILL RESERVE,willett pot still reserve,34708,22,WILLETT FAMILY ESTATE RYE (20),sizes:3|flavors:1,willett|willett family|willett pot
false,winchester,WINCHESTER STRAIGHT BBN WSKY,winchester straight bbn wsky,100257,10,WINCHESTER DOUBLE OAKED KY STRAIGHT BBN (10),sizes:1,winchester|winchester double
false,wonderland,WONDERLAND GIN LAKESHORE ED,wonderland gin lakeshore ed,25663,10,WONDERLAND CASK LAKESIDE ED (10),sizes:1,wonderland|wonderland blend|wonderland cask|wonderland folds|wonderland lemongrass
false,woodinville,WOODINVILLE CASK STRENGTH,woodinville cask strength,22337,10,WOODINVILLE STRAIGHT BOURBON (10),sizes:1,woodinville|woodinville applewood|woodinville cask|woodinville port
false,world,WORLD WHISKEY SOCIETY UNICORN,world whiskey society unicorn,33957,10,WORLD WHISKY SOCIETY XO COGNAC (10),sizes:1,world
false,worthy,WORTHY PARK SILVER RUM,worthy park silver rum,33728,10,WORTHY PARK 109 DARK RUM (10),sizes:1,worthy|worthy park
false,wray,WRAY NEPHEW WHITE OVERPROOF,wray nephew white overproof,87470,20,WRAY NEPHEW WHITE OVERPROOF RUM (20),sizes:2,wray|wray nephew
false,writers,WRITERS TEARS COPPER POT,writers tears copper pot,16411,10,WRITERS TEARS DOUBLE OAK (10),sizes:1,writers|writers tears
false,wws,WWS MACALLAN 1990 EDITION,wws macallan 1990 edition,31229,10,WWS CLASSIC COLL RUM CASK (10),sizes:1,wws|wws macallan|wws classic|wws wheated|wws ducks|wws doc|wws reserve
false,wyoming,WYOMING WHISKEY OUTRYDER,wyoming whiskey outryder,27796,10,WYOMING WHISKEY DOUBLE CASK (10),sizes:1,wyoming
false,xxl,XXL BLACKBERRY,xxl blackberry,33299,12,XXL MANGO GUAVA (12),sizes:2|flavors:1,xxl|xxl black|xxl blackberry|xxl mango|xxl sweet
false,yamato,YAMATO HONDA TADAKATSU,yamato honda tadakatsu,33960,10,YAMATO JAPANESE WHISKEY (10),sizes:1,yamato|yamato japanese|yamato japan|yamato mizunara|yamato single|yamato honda
false,yellow,YELLOW ROSE OUTLAW BOURBON,yellow rose outlaw bourbon,31269,10,YELLOW ROSE AMERICAN WHISKEY (10),sizes:1,yellow|yellow spot|yellow rose
false,yeyo,YEYO TEQUILA BLANCO,yeyo tequila blanco,30892,10,YEYO TEQUILA REPOSADO (10),sizes:1,yeyo|yeyo tq
false,yuzy,YUZY PINK GUAVA MARGARITA,yuzy pink guava margarita,34207,2,YUZY PINEAPPLE JALAPENO MARG (2),sizes:1|flavors:1,yuzy|yuzy classic|yuzy peach|yuzy pineapple|yuzy pink|yuzy watermelon|yuzy coconut
false,zarza,ZARZA REPOSADO,zarza reposado,31698,10,ZARZA TEQUILA ANEJO (10),sizes:1,zarza|zarza reposado
false,zims,ZIMS EIGHTY ONE,zims eighty one,9316,10,ZIMS FIFTY NINE (10),sizes:1,zims|zims eighty|zims fifty
false,zini,ZINI VODKA,zini vodka,100436,10,ZINI LYCHEE VODKA (10),sizes:1,zini|zini thai|zini lychee|zini passion
true,100,100 ANOS REPOSADO,100 anos reposado,4129,4,,sizes:1|proof-line,100|100 anos
true,1792,1792 SMALL BATCH,1792 small batch,2362,32,1792 HIGH RYE (10),sizes:4|flavors:1,1792|1792 single|1792 small|1792 bottled|1792 high|1792 full|1792 sweet|1792 pinot|1792 zinfandel
true,1889,1889 ROYAL VS BRANDY,1889 royal vs brandy,26907,20,,sizes:2,1889|1889 royal
true,2,2 GINGERS IRISH WHISKEY,gingers irish whiskey,10389,2,,sizes:1|flavors:1,
true,21,21 SEEDS CUCUMBER JALAPENO,21 seeds cucumber jalapeno,23118,20,21 SEEDS VALENCIA ORANGE (2),sizes:2,
true,3rd,3RD GEN SHINERS APPLE PIE XXX,3rd gen shiners apple pie,32972,2,,sizes:1|flavors:1,3rd|3rd gen
true,7,7 DROPS SOJU ORIGINAL FRESH,drops soju original fresh,31839,20,7 DROPS SOJU PLUM (10),sizes:2,
true,99,99 BUTTERSCOTCH,99 butterscotch,13144,50,99 BANANAS (42),sizes:5,
true,aalborg,AALBORG TAFFEL AQUAVIT,aalborg taffel aquavit,34630,10,,sizes:1,aalborg|aalborg taffel
true,abasolo,ABASOLO ANCESTRAL CORN WHISKY,abasolo ancestral corn whisky,25713,10,,sizes:1,abasolo|abasolo ancestral
true,absente,ABSENTE LIQ,absente liq,84530,20,ABSENTE LUMINESCENT (10),sizes:2,absente|absente van|absente luminescent|absente liq
true,absinthe,ABSINTHE ORDINAIRE,absinthe ordinaire,6031,10,,sizes:1,absinthe|absinthe ordinaire
true,absolut,ABSOLUT SWEDISH 80,absolut swedish 80,60657,60,ABSOLUT MANDRIN (50),sizes:6,absolut|absolut tabasco|absolut elyx|absolut lime|absolut grapefruit|absolut raspberri|absolut watermelon|absolut apeach|absolut wild|absolut variety|absolut mojito|absolut raspberry|absolut classic|absolut espresso|absolut 80|absolut swedish|absolut pears|absolut mango|absolut citron|absolut peppar|absolut mandrin|absolut vanilia
true,accord,ACCORD STONE IRISH WHISKEY,accord stone irish whiskey,36753,10,,sizes:1,accord|accord stone
true,aces,ACES HIGH SMALL BATCH BOURBON,aces high small batch bourbon,34234,2,,sizes:1|flavors:1,aces|aces high
true,acosta,ACOSTA REPOSADO TEQUILA,acosta reposado tequila,32421,10,,sizes:1,acosta|acosta reposado
true,ad,AD TEQUILA BLANCO,ad tequila blanco,100399,10,,sizes:1,
true,agave,AGAVE DE CORTES JOVEN,agave de cortes joven,34728,10,AGAVE BOOM LIME (2),sizes:1,agave|agave de|agave boom
true,agitator,AGITATOR BOURBON KY STRAIGHT,agitator bourbon ky straight,26676,10,,sizes:1,agitator
true,aguita,AGUITA MAGICA,aguita magica,35783,10,,sizes:1,aguita|aguita magica
true,agwa,AGWA DE BOLIVIA COCO LEAF LIQ,agwa de bolivia coco leaf,32207,10,,sizes:1,agwa|agwa de
true,akashi,AKASHI JAPANESE WHISKEY,akashi japanese whiskey,32422,10,,sizes:1,akashi|akashi japanese
true,akva,AKVA ORGANIC SWEDISH VODKA,akva organic swedish vodka,27039,20,AKVA CITRON SWEDISH VODKA (12),sizes:2,akva|akva organic|akva citron|akva mandarin|akva wild
true,al,AL NABAA ARAK PINK GRAPEFRUIT,al nabaa arak pink grapefruit,100021,2,AL NABAA ARAK LEMON (-6),sizes:1|flavors:1,
true,alaska,ALASKA GLACIER VODKA,alaska glacier vodka,33825,10,,sizes:1,alaska|alaska glacier
true,alberta,ALBERTA PREMIUM RYE CASK STREN,alberta premium rye cask stren,26384,10,,sizes:1,alberta|alberta premium
true,alexandrion,ALEXANDRION 5 STARS,alexandrion stars,100953,10,,sizes:1,alexandrion
true,alize,ALIZE GOLD PASSION,alize gold passion,9664,30,ALIZE GRAPE (22),sizes:3,alize|alize peach|alize apple|alize pineapple|alize triple|alize midnight|alize strawberry|alize gold|alize red|alize grape|alize bleu|alize mango
true,allegro,ALLEGRO AMARETTO,allegro amaretto,20889,20,ALLEGRO COFFEE (12),sizes:2,allegro|allegro coffee|allegro amaretto
true,alleyne,ALLEYNE ARTHUR S WHITE RUM,alleyne arthur white rum,33167,10,,sizes:1,alleyne|alleyne arthur
true,alpeggio,ALPEGGIO HAY LIQUEUR,alpeggio hay liqueur,35808,10,,sizes:1,alpeggio|alpeggio hay
true,alpenglow,ALPENGLOW CORDIAL,alpenglow cordial,25447,10,,sizes:1,alpenglow
true,altamura,ALTAMURA DISTILLERIES VODKA,altamura distilleries vodka,100374,30,,sizes:3,altamura|altamura distilleries
true,altos,ALTOS MARGARITA CLASSIC LIME,altos margarita classic lime,26628,-6,,sizes:1|flavors:2,altos|altos margarita
true,amara,AMARA ROSSA SICILIAN AMARO,amara rossa sicilian amaro,31351,10,,sizes:1,amara|amara rossa
true,amaretto,AMARETTO FRATELLI D ITALIA,amaretto fratelli italia,15927,10,,sizes:1,amaretto|amaretto fratelli
true,amarillo,AMARILLO AGUARDIENTE DE MANZAN,amarillo aguardiente de manzan,34750,10,,sizes:1,amarillo|amarillo aguardiente
true,amarito,AMARITO AMARETTO,amarito amaretto,41567,30,,sizes:3,amarito|amarito amaretto
true,amaro,AMARO MONTENEGRO,amaro montenegro,8840,30,AMARO DELL ETNA (20),sizes:3,amaro|amaro sfumato|amaro lucano|amaro montenegro|amaro dell|amaro superiore
true,amarula,AMARULA CREAM LIQ,amarula cream liq,84379,12,AMARULA ETHIOPIAN COFFEE (2),sizes:2|flavors:1,amarula|amarula vanilla|amarula ethiopian|amarula cream
true,amazonia,AMAZONIA CLUB CACHACA PREMIUM,amazonia club cachaca premium,36813,10,,sizes:1,amazonia|amazonia club
true,america,AMERICA S 47 BOURBON,america 47 bourbon,35695,10,,sizes:1,america
true,amerisse,AMERISSE,amerisse,32848,10,,sizes:1,amerisse
true,amor,AMOR MIO ANEJO,amor mio anejo,22135,20,AMOR MIO REPOSADO (10),sizes:2,amor|amor mio
true,ancient,ANCIENT AGE,ancient age,88026,20,ANCIENT ANCIENT AGE 10 STAR (10),sizes:2,ancient|ancient age|ancient ancient
true,ancnoc,ANCNOC 12 YR,ancnoc 12 yr,13562,0,,sizes:1|aged,ancnoc|ancnoc 12
true,andiamo,ANDIAMO PRIVATE RESERVE,andiamo private reserve,100775,12,,sizes:2|flavors:1,andiamo|andiamo private
true,angel,ANGEL S ENVY,angel envy,8551,30,ANGEL S ENVY RYE (10),sizes:3,angel
true,angostura,ANGOSTURA AMARO DI,angostura amaro di,16763,10,ANGOSTURA 7 YR (0),sizes:1,angostura|angostura amaro
true,ann,ANN ARBOR BOTANICAL GIN,ann arbor botanical gin,31159,10,,sizes:1,ann|ann arbor
true,ansac,ANSAC V S,ansac,98290,40,ANSAC BLACK KNIGHT COGNAC (10),sizes:4,ansac|ansac black
true,antano,ANTANO CUCUMBR JALPENO TEQUILA,antano cucumbr jalpeno tequila,27041,10,ANTANO COCONUT TEQUILA (2),sizes:1,antano|antano cucumbr|antano grpfrt|antano valencia|antano coconut
true,antiquity,ANTIQUITY,antiquity,23168,10,,sizes:1,antiquity
true,ao,AO SUNTORY WORLD WHISKY,ao suntory world whisky,30173,10,,sizes:1,
true,aperix,APERIX APERITIVO,aperix aperitivo,35093,20,,sizes:2,aperix|aperix aperitivo
true,aperol,APEROL APERITIVO,aperol aperitivo,5782,30,,sizes:3,aperol|aperol aperitivo
true,appleton,APPLETON ESTATE SIGNATURE BLEN,appleton estate signature blen,94616,22,APPLETON ESTATE RARE BLEND (2),sizes:3|flavors:1,appleton|appleton estate
true,aqua,AQUA PERFECTA BASIL EAU DE VIE,aqua perfecta basil eau de,32709,10,,sizes:1,aqua|aqua perfecta
true,archipelago,ARCHIPELAGO BOTANICAL GIN,archipelago botanical gin,33131,10,,sizes:1,archipelago|archipelago botanical
true,arran,ARRAN 10 YR,arran 10 yr,30262,0,,sizes:1|aged,arran|arran 10
true,asbach,ASBACH URALT BRANDY GER,asbach uralt brandy ger,20267,10,ASBACH URALT BRANDY 3 YR (0),sizes:1,asbach|asbach uralt|asbach coffee
true,ashkelon,ASHKELON BRANDY,ashkelon brandy,34625,10,,sizes:1,ashkelon
true,asil,ASIL RAICILLA DE SIERRA ANEJO,asil raicilla de sierra anejo,32029,10,,sizes:1,asil|asil raicilla
true,askalon,ASKALON ARAK EXTRA FINE,askalon arak extra fine,10009,10,ASKALON ARAK 100 PF (4),sizes:1,askalon|askalon arak
true,askur45,ASKUR45 LONDON DRY GIN,askur45 london dry gin,32372,10,,sizes:1,askur45|askur45 london
true,aspen,ASPEN VODKA,aspen vodka,31999,30,,sizes:3,aspen
true,au,AU 79 VODKA,au 79 vodka,34617,30,AU 79 JUICY PEACH (22),sizes:3,
true,augusta,AUGUSTA DISTILLERY WHEATED BOURBON,augusta distillery wheated bourbon,100557,10,AUGUSTA BUCKNER S SNGL BRL 10Y (2),sizes:1,augusta|augusta distillery|augusta buckner
true,avani,AVANI SUPREME VODKA,avani supreme vodka,21625,10,,sizes:1,avani|avani supreme
true,averna,AVERNA AMARO SICILIANO,averna amaro siciliano,8076,20,,sizes:2,averna|averna amaro
true,aviation,AVIATION GIN,aviation gin,10256,50,AVIATION AMERICAN GIN WREXHAM (10),sizes:5,aviation|aviation american|aviation cranberry
true,awayuki,AWAYUKI KYURI GIN,awayuki kyuri gin,100715,10,AWAYUKI STRAWBERRY GIN (2),sizes:1,awayuki|awayuki kyuri|awayuki strawberry
true,aztec,AZTEC COCOA TEQUILA COCKTAIL,aztec cocoa tequila cocktail,34624,10,,sizes:1,aztec|aztec cocoa
true,azteca,AZTECA GOLD,azteca gold,5726,30,AZTECA WHITE (20),sizes:3,azteca|azteca azul|azteca silver|azteca gold|azteca white
true,b,B B D O M FR,fr,63617,20,,sizes:2,
true,baardeseth,BAARDESETH XO,baardeseth xo,34693,10,,sizes:1,baardeseth|baardeseth xo
true,baardseth,BAARDSETH VSOP,baardseth vsop,34694,10,,sizes:1,baardseth|baardseth vsop
true,bacan,BACAN GUARO 24 AGUARDIENTE,bacan guaro 24 aguardiente,33919,10,,sizes:1,bacan|bacan guaro
true,backpacker,BACKPACKER PEACH COBBLER,backpacker peach cobbler,27546,2,,sizes:1|flavors:1,backpacker|backpacker peach
true,backyard,BACKYARD BOURBON,backyard bourbon,100292,10,,sizes:1,backyard
true,baileys,BAILEYS ORIGINAL IRISH CREAM,baileys original irish cream,46037,52,BAILEYS CHOCOLATE (40),sizes:6|flavors:1,baileys|baileys chocolate|baileys vanilla|baileys espresso|baileys almande|baileys strawberries|baileys deliciously|baileys original|baileys cinnamon|baileys caramel|baileys coffee|baileys cookies|baileys orig
true,baja,BAJA LUNA,baja luna,88976,10,,sizes:1,baja|baja luna
true,bakon,BAKON,bakon,8987,10,,sizes:1,bakon
true,ballantine,BALLANTINE S FINEST,ballantine finest,15507,30,BALLANTINE S 17 YR (0),sizes:3,ballantine
true,ballbuster,BALLBUSTER POLLY WHIPPED WHSKY,ballbuster polly whipped whsky,35168,10,,sizes:1,ballbuster|ballbuster polly
true,balle,BALLE KAZANI SKRAPARI,balle kazani skrapari,15770,10,,sizes:1,balle|balle kazani
true,ballechin,BALLECHIN 10 YR,ballechin 10 yr,100844,0,,sizes:1|aged,ballechin|ballechin 10
true,ballotin,BALLOTIN ORIGINAL CHOCOLATE,ballotin original chocolate,16631,20,BALLOTIN PEANUT BUTTER CHOC (10),sizes:2,ballotin|ballotin caramel|ballotin chocolate|ballotin original|ballotin chocolat|ballotin peanut|ballotin choc|ballotin wsky|ballotin mocha
true,bang,BANG AND PLAY BOURBON WHISKEY,bang and play bourbon whiskey,32539,10,,sizes:1,bang|bang and
true,banhez,BANHEZ MEZCAL JOVEN,banhez mezcal joven,100732,20,BANHEZ DESTILADO DE PINA (10),sizes:2,banhez|banhez mezcal|banhez mexicano|banhez tepeztate|banhez destilado
true,bank,BANK STREET 100PF VAULT EDTION,bank street 100pf vault edtion,33169,10,BANK ST APPLE BRNDY BRL FN BBN (-6),sizes:1,bank|bank street|bank st
true,baraky,BARAKY JAPANESE WHISKEY,baraky japanese whiskey,34882,10,,sizes:1,baraky|baraky japanese
true,barbarossa,BARBAROSSA SPICED RUM,barbarossa spiced rum,38397,12,,sizes:2|flavors:1,barbarossa|barbarossa spiced
true,barbayanni,BARBAYANNI OUZO,barbayanni ouzo,27046,20,,sizes:2,barbayanni|barbayanni ouzo
true,baron,BARON DE CASTERAC RASPBERRY,baron de casterac raspberry,35942,2,,sizes:1|flavors:1,baron|baron de
true,baronne,BARONNE BRANDY BOTANICAL LIQUEUR,baronne brandy botanical liqueur,101862,10,,sizes:1,baronne
true,barrel,BARREL CROW KY BOURBON,barrel crow ky bourbon,36157,12,BARREL BOMB TENESSEE BOURBON (2),sizes:2|flavors:1,barrel|barrel stgth|barrel bomb|barrel crow
true,barrister,BARRISTER S MAPLE PECAN GOLD,barrister maple pecan gold,22733,10,,sizes:1,barrister
true,barsol,BARSOL PURO QUEBRANTA PISCO,barsol puro quebranta pisco,31326,10,,sizes:1,barsol|barsol puro
true,bartender,BARTENDER S CHOICE CHOCOLATE,bartender choice chocolate,36087,10,BARTENDER S PINA COLADA (2),sizes:1,bartender
true,bas,BAS ARMAGNAC LAUBADE,bas armagnac laubade,26685,10,,sizes:1,bas|bas armagnac
true,basil,BASIL HAYDEN S BOURBON,basil hayden bourbon,24990,40,BASIL HAYDEN GOLDEN RYE (10),sizes:4,basil|basil hayden
true,basilica,BASILICA SAMBUCA IT,basilica sambuca it,64757,10,,sizes:1,basilica|basilica sambuca
true,batavia,BATAVIA ARRACK VAN OOSTEN,batavia arrack van oosten,12716,10,,sizes:1,batavia|batavia arrack
true,bauchant,BAUCHANT LIQ FR,bauchant liq fr,63647,10,BAUCHANT ORANGE LIQUEUR (2),sizes:1,bauchant|bauchant orange|bauchant liq
true,bayou,BAYOU RUM WHITE,bayou rum white,19273,10,BAYOU RUM SPICED (2),sizes:1,bayou
true,be,BE TINI TROPICAL SUNSET,be tini tropical sunset,18586,10,BE TINI LIME (2),sizes:1,
true,beach,BEACH WHISKEY ISLAND COCONUT,beach whiskey island coconut,17742,2,BEACH BONFIRE CINNAMON WHISKEY (-6),sizes:1|flavors:1,beach|beach bonfire
true,beam,BEAM S 8 STAR BLEND,beam star blend,287,40,,sizes:4,beam
true,bear,BEAR FIGHT AMERICAN WHISKEY,bear fight american whiskey,34426,10,BEAR FIGHT KY RSRV BOURBON (2),sizes:1,bear|bear fight
true,becherovka,BECHEROVKA,becherovka,7591,20,,sizes:2,becherovka
true,beefeater,BEEFEATER GIN ENG,beefeater gin eng,31420,30,BEEFEATER 24 (10),sizes:3,beefeater|beefeater 24
true,beenleigh,BEENLEIGH 2013 RUM,beenleigh 2013 rum,33701,10,,sizes:1,beenleigh|beenleigh 2013
true,belaruska,BELARUSKA PEPPER FLAVORED VODK,belaruska pepper flavored vodk,36319,10,,sizes:1,belaruska|belaruska pepper
true,belenkaya,BELENKAYA IMPORTED VODKA,belenkaya imported vodka,35537,10,,sizes:1,belenkaya|belenkaya imported
true,bellini,BELLINI AMARO DELLE TERME,bellini amaro delle terme,26915,10,BELLINI LIMONCELLO (2),sizes:1,bellini|bellini amaro|bellini limoncello
true,belv,BELV ORGANIC PEAR GINGER,belv organic pear ginger,23958,2,BELV ORGANIC LEMON BASIL (-6),sizes:1|flavors:1,belv|belv organic
true,belvedere,BELVEDERE VODKA,belvedere vodka,2920,50,BELVEDERE DIRTY BREW (10),sizes:5,belvedere|belvedere dirty|belvedere lake|belvedere b10
true,ben,BEN HOLLADAY RICKHOUSE PROOF,ben holladay rickhouse proof,34012,10,BEN HOLLADAY BOURBON 6 YR (0),sizes:1,ben|ben holladay
true,benchmark,BENCHMARK NO 8,benchmark no,5612,40,BENCHMARK TOP FLOOR (10),sizes:4,benchmark|benchmark no|benchmark egg|benchmark bonded|benchmark full|benchmark single|benchmark small|benchmark top
true,benedictine,BENEDICTINE D O M FR,benedictine fr,63937,20,,sizes:2,benedictine
true,benriach,BENRIACH SMOKE SEASON DBL CASK,benriach smoke season dbl cask,30816,10,BENRIACH MALT SEASON BATCH 3 (2),sizes:1,benriach|benriach smoky|benriach single|benriach 12|benriach 21|benriach 40|benriach smoke|benriach malt|benriach 25|benriach 30
true,benrinnes,BENRINNES 21YR SPECIAL RELEASE,benrinnes 21yr special release,33538,0,,sizes:1|aged,benrinnes|benrinnes 21yr
true,berneroy,BERNEROY FINE CALVADOS,berneroy fine calvados,100192,20,BERNEROY XO CALVADOS (10),sizes:2,berneroy|berneroy xo|berneroy vsop|berneroy fine
true,big,BIG HOT CINNAMON WHISKY,big hot cinnamon whisky,29186,22,BIG HART VODKA (10),sizes:3|flavors:1,big|big hart|big hot|big machine|big house
true,bikoku,BIKOKU JAPANESE MALT WHISKY,bikoku japanese malt whisky,23025,10,BIKOKU JAPANESE WHISKEY 8 YR (0),sizes:1,bikoku|bikoku japanese
true,binyamina,BINYAMINA CHOCOLATE LIQUEUR,binyamina chocolate liqueur,34627,10,BINYAMINA BANANA LIQUEUR (2),sizes:1,binyamina|binyamina banana|binyamina chocolate
true,birdie,BIRDIE BROWN STR WHEAT WHISKEY,birdie brown str wheat whiskey,34185,10,,sizes:1,birdie|birdie brown
true,bisquit,BISQUIT VSOP,bisquit vsop,26066,10,,sizes:1,bisquit|bisquit vsop
true,bistra,BISTRA SLIVOVITZ,bistra slivovitz,9503,10,,sizes:1,bistra|bistra slivovitz
true,bitter,BITTER BIANCA,bitter bianca,32631,20,BITTER TOM S RUM (10),sizes:2,bitter|bitter bianca|bitter tom
true,black,BLACK VELVET,black velvet,14207,60,BLACK VELVET PEACH (22),sizes:6,black|black maple|black irish|black velvet|black saddle|black dog|black star|black momma|black eden|black butte|black bull|black twist|black eagle|black haus|black roberts|black white
true,blackfoot,BLACKFOOT RIVER BOURBON,blackfoot river bourbon,31923,10,,sizes:1,blackfoot|blackfoot river
true,blackheart,BLACKHEART PREMIUM SPICED,blackheart premium spiced,6616,32,BLACKHEART TOASTED COCONUT RUM (-6),sizes:4|flavors:1,blackheart|blackheart premium|blackheart toasted|blackheart prm
true,blade,BLADE AND BOW,blade and bow,28080,10,BLADE AND BOW 22 YR (0),sizes:1,blade|blade and
true,blakes,BLAKES X GYPSY TRIPLE JAM VDKA,blakes gypsy triple jam vdka,31620,10,,sizes:1,blakes
true,blanton,BLANTON BBN,blanton bbn,93730,20,BLANTON S GOLD EDITION BOURBON (10),sizes:2,blanton|blanton bbn
true,bloody,BLOODY BUTCHER BOURBON WHISKEY,bloody butcher bourbon whiskey,32707,10,,sizes:1,bloody|bloody butcher
true,bluecoat,BLUECOAT AMERICAN DRY GIN,bluecoat american dry gin,20996,30,BLUECOAT ELDERFLOWER GIN (10),sizes:3,bluecoat|bluecoat american|bluecoat elderflower|bluecoat barrel
true,bluegrass,BLUEGRASS HIGH RYE KY BBN WSKY,bluegrass high rye ky bbn,36578,10,BLUEGRASS DISTILLERS TOASTED (2),sizes:1,bluegrass|bluegrass distillers|bluegrass toast|bluegrass high
true,bluff,BLUFF SPRINGS STRAIGHT BOURBON,bluff springs straight bourbon,26917,10,BLUFF SPRINGS RESERVE BOURBON (2),sizes:1,bluff|bluff springs
true,blumenplucker,BLUMENPLUCKER HERBAL LIQUEUR,blumenplucker herbal liqueur,32145,10,,sizes:1,blumenplucker|blumenplucker herbal
true,blysk,BLYSK VODKA,blysk vodka,27601,20,,sizes:2,blysk
true,boatyard,BOATYARD ORGANIC DOUBLE GIN,boatyard organic double gin,101556,10,,sizes:1,boatyard|boatyard organic
true,bodegas,BODEGAS PAPIAMENTO MIGGY XO,bodegas papiamento miggy xo,36866,10,BODEGAS PAPIAMENTO MIGGYXO KIT (-990),sizes:1,bodegas|bodegas papiamento
true,body,BODY VODKA,body vodka,28005,10,,sizes:1,body
true,bohane,BOHANE IRISH DRY GIN,bohane irish dry gin,27504,20,,sizes:2,bohane|bohane irish
true,bolden,BOLDEN VODKA,bolden vodka,32748,10,,sizes:1,bolden
true,bombay,BOMBAY SAPPHIRE ENG,bombay sapphire eng,26297,60,BOMBAY ENG (30),sizes:6,bombay|bombay sapphire|bombay bramble|bombay eng
true,bond,BOND ST LONDON DRY GIN,bond st london dry gin,30503,12,BOND LILLARD (2),sizes:2|flavors:1,bond|bond lillard|bond st
true,bondstone,BONDSTONE DOUBLE OAK BOURBON,bondstone double oak bourbon,30629,30,BONDSTONE BOURBON TOASTED BRRL (14),sizes:3,bondstone|bondstone double|bondstone cask|bondstone distiller|bondstone quad|bondstone triple|bondstone bbn|bondstone sour
true,boodles,BOODLES BRITISH ENG,boodles british eng,26367,20,BOODLES RHUBARB STRAWBERRY GIN (2),sizes:2,boodles|boodles rhubarb|boodles british
true,booker,BOOKER S,booker,2791,10,BOOKER S THE RESERVES (2),sizes:1,booker
true,booth,BOOTH S LONDON DRY GIN,booth london dry gin,35981,20,,sizes:2,booth
true,boracay,BORACAY COCONUT,boracay coconut,20292,2,,sizes:1|flavors:1,boracay|boracay coconut
true,borchetta,BORCHETTA BOURBON CASK STRNGTH,borchetta bourbon cask strngth,31321,10,BORCHETTA BOURBON SMALL BATCH (2),sizes:1,borchetta
true,borghetti,BORGHETTI CAFFE ESPRESSO,borghetti caffe espresso,13819,2,,sizes:1|flavors:1,borghetti|borghetti caffe
true,borrasca,BORRASCA VODKA,borrasca vodka,36538,20,BORRASCA VODKA FIZZY NAVEL (10),sizes:2,borrasca
true,boru,BORU VODKA IRISH,boru vodka irish,96410,10,,sizes:1,boru
true,boss,BOSS HOG XI THE JUGGERNAUT,boss hog xi the juggernaut,32652,10,,sizes:1,boss|boss hog
true,bosscal,BOSSCAL JOVEN MEZCAL,bosscal joven mezcal,25020,10,,sizes:1,bosscal|bosscal joven
true,bottega,BOTTEGA GIANDUIA,bottega gianduia,29771,10,BOTTEGA LIMONCINO (2),sizes:1,bottega|bottega gianduia|bottega limoncino
true,boukman,BOUKMAN BOTANICAL RHUM,boukman botanical rhum,32914,10,,sizes:1,boukman|boukman botanical
true,boulard,BOULARD VSOP CALVADOS,boulard vsop calvados,32679,10,,sizes:1,boulard|boulard vsop
true,bounty,BOUNTY WHITE RUM,bounty white rum,16858,10,,sizes:1,bounty|bounty white
true,bourbon,BOURBON BOUNCE,bourbon bounce,32366,10,,sizes:1,bourbon|bourbon bounce
true,bowling,BOWLING AND BURCH GIN,bowling and burch gin,21744,10,,sizes:1,bowling|bowling and
true,bowman,BOWMAN S DRY GIN,bowman dry gin,100643,20,BOWMAN S RUM (10),sizes:2,bowman|bowman brothers
true,boxer,BOXER BOURBON CORNERSTONE 5 YR,boxer bourbon cornerstone yr,100289,0,,sizes:1|aged,boxer
true,brady,BRADY S IRISH CREAM,brady irish cream,1431,22,,sizes:3|flavors:1,brady
true,branca,BRANCA MENTA,branca menta,11191,10,,sizes:1,branca|branca menta
true,brandy,BRANDY SAINTE LOUISE,brandy sainte louise,36556,10,,sizes:1,brandy|brandy sainte
true,braulio,BRAULIO AMARO ALPINO,braulio amaro alpino,13815,10,,sizes:1,braulio|braulio amaro
true,bribery,BRIBERY KENTUCKY BOURBON WHISK,bribery kentucky bourbon whisk,35889,10,BRIBERY PANAMA RUM RESERVE (2),sizes:1,bribery|bribery kentucky|bribery panama
true,bribon,BRIBON TEQUILA BLANCO,bribon tequila blanco,16165,10,,sizes:1,bribon
true,bridle,BRIDLE BIT DOUBLE OAKED,bridle bit double oaked,35708,10,,sizes:1,bridle|bridle bit
true,brillari,BRILLARI AMARO,brillari amaro,15700,10,,sizes:1,brillari|brillari amaro
true,briottet,BRIOTTET CREME DE CASSIS,briottet creme de cassis,34337,2,,sizes:1|flavors:1,briottet|briottet creme
true,brix,BRIX TEQUILA BLANCO,brix tequila blanco,101797,10,,sizes:1,brix
true,broken,BROKEN SHED VODKA,broken shed vodka,101912,20,BROKEN ANTLER HOT HONEY WHISKY (2),sizes:2,broken|broken shed|broken antler
true,broker,BROKER S GIN,broker gin,8328,30,,sizes:3,broker
true,brons,BRONS HERBAL LIQUEUR,brons herbal liqueur,36153,10,,sizes:1,brons|brons herbal
true,brookside,BROOKSIDE RESERVE STRAIGHT RYE,brookside reserve straight rye,33414,2,,sizes:1|flavors:1,brookside|brookside reserve
true,brora,BRORA 1977 45 YR,brora 1977 45 yr,30919,0,,sizes:1|aged,brora|brora 1977
true,brough,BROUGH BROTHERS BOURBON,brough brothers bourbon,23973,10,,sizes:1,brough|brough brothers
true,brugal,BRUGAL ANEJO,brugal anejo,1082,30,BRUGAL 1888 (10),sizes:3,brugal|brugal anejo|brugal coleccion|brugal maestro|brugal extra|brugal 1888
true,bruihcladdich,BRUIHCLADDICH OCTOMORE 15 1,bruihcladdich octomore 15,33372,10,,sizes:1,bruihcladdich|bruihcladdich octomore
true,bruto,BRUTO AMERICANO,bruto americano,14284,10,,sizes:1,bruto|bruto americano
true,bsb,BSB BROWN SUGAR BOURBON 60,bsb brown sugar bourbon 60,26359,10,,sizes:1,bsb|bsb brown
true,bt,BT ANDERSONS BELLE BIB WHT BBN,bt andersons belle bib wht,35016,10,,sizes:1,
true,bubba,BUBBA S MARSHMALLOW CHOCOLATE WHISKEY,bubba marshmallow chocolate whiskey,100391,30,BUBBA S BURNT SUGAR WHISKEY (20),sizes:3,bubba
true,buchanans,BUCHANAN S DELUXE 12 YR,buchanan deluxe 12 yr,87616,50,BUCHANAN S PINEAPPLE (32),sizes:6|aged,buchanans|buchanans delux|buchanan
true,buckhorn,BUCKHORN SMOKED MAPLE WHISKEY,buckhorn smoked maple whiskey,101651,20,BUCKHORN BLACK CHERRY (12),sizes:2,buckhorn|buckhorn original|buckhorn pineapple|buckhorn smoked|buckhorn black|buckhorn peach|buckhorn blackberry|buckhorn honey
true,bucuria,BUCURIA TUICA DE PRUNE,bucuria tuica de prune,15771,10,,sizes:1,bucuria|bucuria tuica
true,buddy,BUDDY S AMERICAN VODKA,buddy american vodka,29738,10,,sizes:1,buddy
true,buffalo,BUFFALO TRACE BOURBON,buffalo trace bourbon,358,50,BUFFALO TRACE BOURBON CREAM (42),sizes:5,buffalo|buffalo trace
true,bulldog,BULLDOG,bulldog,11063,10,,sizes:1,bulldog
true,bulleit,BULLEIT BOURBON,bulleit bourbon,2086,70,BULLEIT 95 RYE (60),sizes:7,bulleit|bulleit old|bulleit 95|bulleit 87|bulleit manhattan|bulleit single|bulleit bbn
true,bumbu,BUMBU,bumbu,13641,40,BUMBU XO (20),sizes:4,bumbu|bumbu xo|bumbu creme
true,burl,BURL SPRIG ESENCIA,burl sprig esencia,21823,12,BURL SPRIG TRIBUS (2),sizes:2|flavors:1,burl|burl sprig
true,burnett,BURNETT S VODKA,burnett vodka,60287,60,BURNETT S GIN (30),sizes:6,burnett
true,bushwood,BUSHWOOD LONG BALL GLD BP LE,bushwood long ball gld bp,32030,10,,sizes:1,bushwood|bushwood long
true,busker,BUSKER TRIPLE CASK SMOOTH,busker triple cask smooth,22726,10,,sizes:1,busker|busker triple
true,buzzards,BUZZARDS ROOST SIG DBL OAK BBN,buzzards roost sig dbl oak,34880,10,BUZZARDS TOASTD FRENCH OAK BBN (2),sizes:1,buzzards|buzzards roost|buzzards toastd
true,c,C DROUIN LE CALVADOS SELECTION,drouin le calvados selection,30263,2,,sizes:1|flavors:1,
true,cabrito,CABRITO REPOSADO,cabrito reposado,8869,20,CABRITO BLANCO (10),sizes:2,cabrito|cabrito reposado|cabrito blanco
true,cachaca,CACHACA 51,cachaca 51,36272,20,,sizes:2,cachaca|cachaca 51
true,cafe,CAFE GRANITA COFFEE LIQUEUR,cafe granita coffee liqueur,27054,12,CAFE DULCE COFFEE LIQUEUR (2),sizes:2|flavors:1,cafe|cafe granita|cafe dulce
true,caffe,CAFFE LOLITA,caffe lolita,2452,30,CAFFE AMARO (10),sizes:3,caffe|caffe lolita|caffe amaro
true,caffo,CAFFO MARASCHINO,caffo maraschino,17977,10,CAFFO CLEMENTINO DELLA PIANA (2),sizes:1,caffo|caffo maraschino|caffo clementino
true,calamity,CALAMITY GIN,calamity gin,33702,10,,sizes:1,calamity
true,calenda,CALENDA MEZCAL JOVEN,calenda mezcal joven,35296,10,,sizes:1,calenda|calenda mezcal
true,caliber,CALIBER VODKA,caliber vodka,12773,30,CALIBER GIN (20),sizes:3,caliber|caliber carib|caliber citrus|caliber canadian|caliber american
true,calico,CALICO JACK NO 94 SPICED,calico jack no 94 spiced,5696,12,,sizes:2|flavors:1,calico|calico jack
true,calirosa,CALIROSA ANEJO TEQUILA,calirosa anejo tequila,24523,20,CALIROSA ROSA BLANCO TEQ (10),sizes:2,calirosa|calirosa anejo|calirosa rosa|calirosa extra|calirosa reposado
true,callieres,CALLIERES TRIPLE SEC ORANGE LIQUEUR,callieres triple sec orange liqueur,100022,2,,sizes:1|flavors:1,callieres|callieres triple
true,calvados,CALVADOS CLAQUE PEPIN,calvados claque pepin,22143,10,,sizes:1,calvados|calvados claque
true,calvert,CALVERT D L D,calvert,26507,30,,sizes:3,calvert
true,camazotz,CAMAZOTZ OAXACAN RUM,camazotz oaxacan rum,33316,10,,sizes:1,camazotz|camazotz oaxacan
true,camikara,CAMIKARA INDIAN RUM 3 YR,camikara indian rum yr,35442,0,,sizes:1|aged,camikara|camikara indian
true,campagnere,CAMPAGNERE COGNAC VS,campagnere cognac vs,29335,10,,sizes:1,campagnere
true,campari,CAMPARI,campari,63747,30,CAMPARI NEGRONI (10),sizes:3,campari|campari negroni
true,campbltown,CAMPBLTOWN BLND JOURNEY SERIES,campbltown blnd journey series,30720,10,,sizes:1,campbltown|campbltown blnd
true,campo,CAMPO BRAVO TEQUILA REPOSADO,campo bravo tequila reposado,100450,30,CAMPO BRAVO PLATA (20),sizes:3,campo|campo bravo|campo roble
true,canada,CANADA HOUSE,canada house,14347,50,,sizes:5,canada|canada house
true,canadian,CANADIAN MIST,canadian mist,14147,70,CANADIAN CLUB (60),sizes:7,canadian|canadian lake|canadian club|canadian mist|canadian leaf|canadian hunter|canadian creek|canadian gold
true,candela,CANDELA MAMAJUANA,candela mamajuana,32003,20,,sizes:2,candela|candela mamajuana
true,cane,CANE RUN,cane run,12792,40,CANE ISLAND NO 8 BLEND (10),sizes:4,cane|cane island|cane run|cane islnd
true,canerock,CANEROCK SPICED RUM,canerock spiced rum,28278,2,,sizes:1|flavors:1,canerock|canerock spiced
true,caorunn,CAORUNN SMALL BATCH SCOTT GIN,caorunn small batch scott gin,17259,2,,sizes:1|flavors:1,caorunn|caorunn small
true,captain,CAPT MORGAN SPICED RUM,capt morgan spiced rum,41297,52,CAPTAIN MORGAN CHILI LIME (42),sizes:6|flavors:1,captain|captain morgan|captain apple|capt|capt morgan|capt morg
true,caralegre,CARALEGRE REPOSADO TEQUILA,caralegre reposado tequila,27067,20,CARALEGRE BLANCO TEQUILA (10),sizes:2,caralegre|caralegre reposado|caralegre blanco
true,caravella,CARAVELLA LIMONCELLO,caravella limoncello,3686,12,CARAVELLA LIMONCELLO 56 (2),sizes:2|flavors:1,caravella|caravella limoncello|caravella orangecello
true,caribaya,CARIBAYA WHITE RUM,caribaya white rum,20713,10,CARIBAYA COCONUT RUM (2),sizes:1,caribaya|caribaya coconut|caribaya white
true,caribou,CARIBOU CROSSING,caribou crossing,6603,10,,sizes:1,caribou|caribou crossing
true,carlyle,CARLYLE BLENDED SCOTCH WHISKY,carlyle blended scotch whisky,27069,20,CARLYLE BLENDED SCOTCH WSK 12Y (10),sizes:2,carlyle
true,carolans,CAROLANS IRISH CREAM LIQ IRE,carolans irish cream liq ire,46067,32,CAROLANS PEANUT BUTTER (20),sizes:4|flavors:1,carolans|carolans salted|carolans cold|carolans peanut|carolans irish
true,carpano,CARPANO BOTANIC BITTER,carpano botanic bitter,32915,10,,sizes:1,carpano|carpano botanic
true,carstairs,CARSTAIRS WHITE SEAL,carstairs white seal,1507,30,,sizes:3,carstairs|carstairs white
true,caruva,CARUVA HORCHATA CREAM LIQUEUR,caruva horchata cream liqueur,27072,14,,sizes:3|flavors:2,caruva|caruva horchata
true,casacahuin,CASACAHUIN BLANCO TEQUILA,casacahuin blanco tequila,101553,10,,sizes:1,casacahuin|casacahuin blanco
true,casamigas,CASAMIGAS JALAPENO,casamigas jalapeno,31834,20,,sizes:2,casamigas|casamigas jalapeno
true,casey,CASEY JONES BARREL CUT,casey jones barrel cut,32973,2,,sizes:1|flavors:1,casey|casey jones
true,cask,CASK CREW WALNUT TOFFEE WSKY,cask crew walnut toffee wsky,30205,20,CASK KETTLE HOT BLONDE (10),sizes:2,cask|cask kettle|cask crew
true,casterede,CASTEREDE 1972 SINGLE CASK,casterede 1972 single cask,31809,10,,sizes:1,casterede|casterede 1972
true,castillo,CASTILLO SILVER LABEL,castillo silver label,38747,30,CASTILLO GOLD LABEL (20),sizes:3,castillo|castillo silver|castillo spiced|castillo gold
true,castro,CASTRO MASTIHA LIQUEUR,castro mastiha liqueur,30565,10,,sizes:1,castro|castro mastiha
true,catch,CATCH FIRE CINNAMON WHISKY,catch fire cinnamon whisky,27083,24,CATCH FIRE MANGO CINNAMON (-14),sizes:4|flavors:2,catch|catch fire
true,cazadores,CAZADORES REPOSADO,cazadores reposado,96510,60,CAZADORES BLANCO (50),sizes:6,cazadores|cazadores reposado|cazadores blanco|cazadores extra|cazadores pineapple|cazadores anejo|cazadores margarita|cazadores paloma|cazadores cafe|cazadores reposad
true,cazcabel,CAZCABEL BLANCO,cazcabel blanco,29105,20,CAZCABEL ANEJO (10),sizes:2,cazcabel|cazcabel blanco|cazcabel coconut|cazcabel coffee|cazcabel honey|cazcabel reposado|cazcabel anejo
true,celeste,CELESTE VODKA,celeste vodka,36165,20,CELESTE CHERRY VODKA (2),sizes:2,celeste|celeste blueberry|celeste cherry|celeste citron|celeste orange
true,celtic,CELTIC HONEY BEEKEEPER S BLEND,celtic honey beekeeper blend,29913,2,,sizes:1|flavors:1,celtic|celtic honey
true,certosino,CERTOSINO LIQUORE VAL D EMA VERDE,certosino liquore val ema verde,101009,10,,sizes:1,certosino|certosino liquore
true,cg,CG S COCK VODKA,cg cock vodka,100325,20,,sizes:2,
true,chairman,CHAIRMAN S RESERVE AGED RUM,chairman reserve aged rum,17745,12,CHAIRMAN S RESERVE CS 2009 (2),sizes:2|flavors:1,chairman
true,chambord,CHAMBORD LIQ ROYALE FR,chambord liq royale fr,28364,30,,sizes:3,chambord|chambord liq
true,champions,CHAMPIONS VODKA,champions vodka,100813,10,,sizes:1,champions
true,chapala,CHAPALA COFFEE LIQ,chapala coffee liq,48327,12,,sizes:2|flavors:1,chapala|chapala coffee
true,chareau,CHAREAU ALOE LIQUEUR,chareau aloe liqueur,20117,10,,sizes:1,chareau|chareau aloe
true,charing,CHARING CROSS LONDON DRY GIN,charing cross london dry gin,26733,20,,sizes:2,charing|charing cross
true,charles,CHARLES GOODNIGHT,charles goodnight,34397,10,,sizes:1,charles|charles goodnight
true,chartreuse,CHARTREUSE YELLOW,chartreuse yellow,100417,20,CHARTREUSE (10),sizes:2,chartreuse|chartreuse yellow|chartreuse green|chartreuse 1605
true,chaska,CHASKA VODKA,chaska vodka,60387,40,,sizes:4,chaska
true,chateau,CHATEAU MONET FRAMBOISE,chateau monet framboise,62077,20,CHATEAU ST NICK PEPPERMNT SNOW (2),sizes:2,chateau|chateau st|chateau monet
true,cheritelli,CHERITELLI MARASCHINO LIQUEUR,cheritelli maraschino liqueur,30780,10,,sizes:1,cheritelli|cheritelli maraschino
true,cherry,CHERRY KIJAFA,cherry kijafa,31021,2,,sizes:1|flavors:1,cherry|cherry kijafa
true,chervona,CHERVONA COSMO PREMIUM RTD,chervona cosmo premium rtd,32312,10,CHERVONA INFUSED CRANBERRY (2),sizes:1,chervona|chervona infused|chervona cosmo|chervona cranberry
true,chesapeake,CHESAPEAKE BAY DISTILLERY GHOST PEPPER TEQ,chesapeake bay distillery ghost pepper,100347,10,,sizes:1,chesapeake|chesapeake bay
true,chevalier,CHEVALIER DES TOUCHES CALVADOS,chevalier des touches calvados,31356,10,,sizes:1,chevalier|chevalier des
true,chi,CHI CHI S MEXICAN MUDSLIDE,chi chi mexican mudslide,9976,30,CHI CHI S CHURRO (20),sizes:3,chi|chi chi|chi chis
true,chila,CHILA ORCHATA,chila orchata,9277,40,,sizes:4,chila|chila orchata
true,chilled,CHILLED DILLS PICKLE VODKA,chilled dills pickle vodka,17635,10,,sizes:1,chilled|chilled dills
true,chivas,CHIVAS REGAL,chivas regal,16467,60,CHIVAS REGAL 18 YR (20),sizes:6,chivas|chivas regal
true,choco,CHOCO LAT DELUXE CHOCOLATE,choco lat deluxe chocolate,8632,10,,sizes:1,choco|choco lat
true,chopin,CHOPIN POTATO VODKA,chopin potato vodka,18962,30,CHOPIN RYE VODKA (10),sizes:3,chopin|chopin potato|chopin rye
true,christian,CHRISTIAN BROS,christian bros,34107,70,CHRISTIAN BROS FROST WHITE (30),sizes:7,christian|christian bros|christian bro
true,cierto,CIERTO TEQUILA BLANCO,cierto tequila blanco,28530,20,CIERTO TEQUILA ANEJO (10),sizes:2,cierto
true,cincoro,CINCORO ANEJO TEQUILA,cincoro anejo tequila,21695,30,CINCORO BLANCO TEQUILA (20),sizes:3,cincoro|cincoro anejo|cincoro blanco|cincoro extra|cincoro reposado|cincoro gold
true,cinerator,CINERATOR HOT CINNAMON,cinerator hot cinnamon,10176,2,,sizes:1|flavors:1,cinerator|cinerator hot
true,cinnabomb,CINNABOMB CINNAMON WHISKEY,cinnabomb cinnamon whiskey,29988,12,,sizes:2|flavors:1,cinnabomb|cinnabomb cinnamon
true,cinnamon,CINNAMON CANDY APPLE WHISKEY,cinnamon candy apple whiskey,23634,-6,,sizes:1|flavors:2,cinnamon|cinnamon candy
true,ciroc,CIROC SNAP FROST,ciroc snap frost,9762,60,CIROC PASSION (50),sizes:6,ciroc|ciroc snap|ciroc coconut|ciroc peach|ciroc pineapple|ciroc apple|ciroc vs|ciroc summer|ciroc passion|ciroc honey|ciroc variety|ciroc limonata|ciroc riviera|ciroc red|ciroc rb
true,citadelle,CITADELLE GIN ORIGINAL,citadelle gin original,581,30,CITADELLE GIN JARDIN D ETE (20),sizes:3,citadelle
true,citronge,CITRONGE ORANGE LIQUEUR,citronge orange liqueur,25220,4,,sizes:2|flavors:2,citronge|citronge orange
true,clan,CLAN MAC GREGOR,clan mac gregor,16487,30,,sizes:3,clan|clan mac
true,clase,CLASE AZUL REPOSADO,clase azul reposado,13300,30,CLASE AZUL GOLD (10),sizes:3,clase|clase azul|clase 1111
true,claude,CLAUDE CHATELIER VSOP,claude chatelier vsop,27090,12,CLAUDE CHATELIER VS (2),sizes:2|flavors:1,claude|claude chatelier
true,clermont,CLERMONT STEEP AM SNGL MLT WSK,clermont steep am sngl mlt,31684,10,,sizes:1,clermont|clermont steep
true,cliff,CLIFF FALLS KY STRAIGHT BBN,cliff falls ky straight bbn,30781,10,,sizes:1,cliff|cliff falls
true,climax,CLIMAX MOONSHINE TIM SMITH S,climax moonshine tim smith,16251,10,CLIMAX MOONSHINE FIRE NO 32 (2),sizes:1,climax|climax moonshine|climax honey
true,clix,CLIX VODKA,clix vodka,32039,10,,sizes:1,clix
true,clontarf,CLONTARF CLASSIC BLEND WHISKY,clontarf classic blend whisky,34842,10,,sizes:1,clontarf|clontarf classic
true,club,CLUB HOUSE GIN,club house gin,36346,10,CLUB CARIBE MANGO RUM (2),sizes:1,club|club caribe|club house|club long
true,clyde,CLYDE MAY S STRAIGHT BBN,clyde may straight bbn,14275,20,CLYDE MAY S WHISKEY (10),sizes:2,clyde|clyde may
true,clynelish,CLYNELISH,clynelish,1994,10,CLYNELISH 18 YR SR F26 (0),sizes:1,clynelish|clynelish 18
true,cockspur,COCKSPUR 130 OVERPROOF RUM,cockspur 130 overproof rum,36034,30,COCKSPUR FIVE STAR FINE RUM (20),sizes:3,cockspur|cockspur vspr|cockspur 130|cockspur balla|cockspur five|cockspur old|cockspur platinum|cockspur spiced|cockspur splash|cockspur vsor|cockspur xo
true,cocktail,COCKTAIL COLLECTION VARIETY 6PK,cocktail collection variety 6pk,100112,-10,,sizes:1|variety,cocktail|cocktail collection
true,cointreau,COINTREAU LIQ FR,cointreau liq fr,63917,50,COINTREAU SPRITZ ORNGE BLOOD (2),sizes:5,cointreau|cointreau liq|cointreau noir|cointreau spritz
true,col,COL BLEU VODKA,col bleu vodka,33288,10,,sizes:1,col|col bleu
true,collective,COLLECTIVE ARTS ARTISANAL DRY GIN,collective arts artisanal dry gin,100897,10,COLLECTIVE ARTS GIN ORG COFFEE (2),sizes:1,collective|collective arts
true,columbia,COLUMBIA CREEK TENN WSKY,columbia creek tenn wsky,100647,10,,sizes:1,columbia|columbia creek
true,combier,COMBIER LIQUEUR D ORANGE,combier liqueur orange,36230,42,COMBIER WATERMELON PASTEQUE (12),sizes:5|flavors:1,combier|combier pamplemousse|combier abricot|combier peche|combier kummel|combier rose|combier watermelon|combier banana|combier coconut|combier lychee|combier mango|combier passionfruit|combier pineapple|combier strawberry|combier violet|combier cassis|combier le|combier rouge|combier chestnut|combier espresso|combier ginger|combier vanilla|combier guignolet|combier botanical|combier framboise|combier mure
true,commander,COMMANDER S CLUB KY STRT BBN WSKY,commander club ky strt bbn,100699,10,,sizes:1,commander
true,concannon,CONCANNON IRISH WHISKEY,concannon irish whiskey,8506,10,,sizes:1,concannon|concannon irish
true,condesa,CONDESA CLASSICA,condesa classica,100385,10,CONDESA PRICKLY PEAR ORANGE BLOSSOM (2),sizes:1,condesa|condesa prickly|condesa classica
true,congress,CONGRESS VODKA,congress vodka,221,20,,sizes:2,congress
true,connemara,CONNEMARA IRISH,connemara irish,84360,10,,sizes:1,connemara|connemara irish
true,conquistador,CONQUISTADOR WHITE,conquistador white,59691,20,CONQUISTADOR GOLD (10),sizes:2,conquistador|conquistador white|conquistador gold
true,constitution,CONSTITUTION STRAIGHT BOURBON,constitution straight bourbon,100457,10,,sizes:1,constitution
true,control,CONTROL ORIGINAL PISCO PREMIUM,control original pisco premium,18094,10,,sizes:1,control|control original
true,copa,COPA DE ORO COFFEE LIQ MEX,copa de oro coffee liq,5482,12,,sizes:2|flavors:1,copa|copa de
true,coperies,COPERIES SINGLE MALT,coperies single malt,32849,10,,sizes:1,coperies|coperies single
true,coral,CORAL COVE COCONUT RUM,coral cove coconut rum,32974,2,,sizes:1|flavors:1,coral|coral cove
true,corazon,CORAZON DE AGAVE BLANCO,corazon de agave blanco,888,40,CORAZON DE AGAVE REPOSADO (30),sizes:4,corazon|corazon expresiones|corazon anejo|corazon reposado|corazon de|corazon exp|corazon extra
true,coronet,CORONET V S Q,coronet,34277,20,,sizes:2,coronet
true,corralejo,CORRALEJO SILVER,corralejo silver,438,40,CORRALEJO REPOSADO (20),sizes:4,corralejo|corralejo reposado|corralejo 99|corralejo gran|corralejo silver|corralejo 1821|corralejo extra|corralejo anejo|corralejo reposad
true,courvoisier,COURVOISIER V S,courvoisier,37087,70,COURVOISIER V S O P (30),sizes:7,courvoisier|courvoisier xo
true,couvignac,COUVIGNAC VS,couvignac vs,34695,10,,sizes:1,couvignac|couvignac vs
true,covalle,COVALLE TOMATO WATER GIN,covalle tomato water gin,101477,10,,sizes:1,covalle|covalle tomato
true,covalli,COVALLI APERITIVO SPRITZ,covalli aperitivo spritz,35890,10,,sizes:1,covalli|covalli aperitivo
true,crafthouse,CRAFTHOUSE COCKTAILS ESP MARTN,crafthouse cocktails esp martn,33501,10,CRAFTHOUSE SPICY MARGARITA (2),sizes:1,crafthouse|crafthouse spicy|crafthouse cocktails|crafthouse pinapple|crafthouse pineapple
true,cragganmore,CRAGGANMORE SCOTCH,cragganmore scotch,96286,10,,sizes:1,cragganmore
true,craneo,CRANEO ORGANIC MEZCAL,craneo organic mezcal,34252,10,,sizes:1,craneo|craneo organic
true,crater,CRATER LAKE VODKA,crater lake vodka,31602,10,,sizes:1,crater|crater lake
true,creek,CREEK WATER WHISKEY,creek water whiskey,19043,20,CREEK WATER CINNAMON WHISKEY (12),sizes:2,creek|creek water
true,creme,CREME BRULEE WHISKEY,creme brulee whiskey,24911,-6,,sizes:1|flavors:2,creme|creme brulee
true,creyente,CREYENTE MEZCAL JOVEN,creyente mezcal joven,16436,10,,sizes:1,creyente|creyente mezcal
true,crimson,CRIMSON RESERVE VSOP BRANDY,crimson reserve vsop brandy,36168,12,CRIMSON RESERVE CANADIAN WHKY (2),sizes:2|flavors:1,crimson|crimson reserve|crimson rsrv
true,crnogorski,CRNOGORSKI PRVIJENAC,crnogorski prvijenac,10038,2,,sizes:1|flavors:1,crnogorski|crnogorski prvijenac
true,croft,CROFT BRANDY,croft brandy,31984,10,,sizes:1,croft
true,crooked,CROOKED TREE VODKA,crooked tree vodka,53829,10,,sizes:1,crooked|crooked tree
true,crop,CROP ORGANIC CUCUMBER,crop organic cucumber,30049,10,CROP ORGANIC BLUEBERRY VODKA (2),sizes:1,crop|crop organic
true,crossborder,CROSSBORDER JACKPOT 777 WSKY,crossborder jackpot 777 wsky,32314,10,,sizes:1,crossborder|crossborder jackpot
true,crow,CROW 86,crow 86,34069,20,,sizes:2,crow|crow 86
true,crown,CROWN ROYAL,crown royal,14887,70,CROWN ROYAL REGAL APPLE (62),sizes:7,crown|crown royal|crown russe|crown ryl
true,crystal,CRYSTAL PALACE GIN,crystal palace gin,28347,50,CRYSTAL HEAD VODKA (30),sizes:5,crystal|crystal head|crystal palace
true,cuda,CUDA CAY SPICED RUM,cuda cay spiced rum,35406,12,,sizes:2|flavors:1,cuda|cuda cay
true,cuervo,CUERVO TRADICIONAL BLANCO,cuervo tradicional blanco,32577,10,,sizes:1,cuervo|cuervo tradicional
true,curro,CURRO MEZCAL JOVEN,curro mezcal joven,30590,10,,sizes:1,curro|curro mezcal
true,cutty,CUTTY SARK,cutty sark,16507,40,CUTTY SARK CENTENARY EDITION (10),sizes:4,cutty|cutty sark
true,cynar,CYNAR,cynar,9072,10,,sizes:1,cynar
true,cyrano,CYRANO ROXANE BLANCHE ARMAGNAC,cyrano roxane blanche armagnac,32547,10,,sizes:1,cyrano|cyrano roxane
true,d,D USSE VSOP,usse vsop,9895,30,D USSE XO (10),sizes:3,
true,da,DA VINCI AMARETTO,da vinci amaretto,215,10,,sizes:1,
true,daddy,DADDY RACK TENN STR WHISKEY,daddy rack tenn str whiskey,32005,10,DADDY RACK TENN STR SNGL BRRL (2),sizes:1,daddy|daddy rack
true,dailuaine,DAILUAINE 21 YR SR F26,dailuaine 21 yr sr f26,35763,0,,sizes:1|aged,dailuaine|dailuaine 21
true,dalmore,DALMORE PORT WOOD RESERVE,dalmore port wood reserve,18065,2,DALMORE PORT WOOD RSV (-990),sizes:1|flavors:1,dalmore|dalmore port
true,dalton,DALTON RESPONSIBLY VODKA,dalton responsibly vodka,31340,40,,sizes:4,dalton|dalton responsibly
true,dama,DAMA FORTUNA BLANCO TEQUILA,dama fortuna blanco tequila,35997,10,,sizes:1,dama|dama fortuna
true,damiana,DAMIANA LIQUEUR,damiana liqueur,17820,10,,sizes:1,damiana
true,damrak,DAMRAK AMSTERDAM GIN,damrak amsterdam gin,16218,10,,sizes:1,damrak|damrak amsterdam
true,dancng,DANCNG GOAT QUIRKY HUMBLE 7 YR,dancng goat quirky humble yr,29483,0,,sizes:1|aged,dancng|dancng goat
true,danhattan,DANHATTAN RTD COCKTAIL,danhattan rtd cocktail,31230,10,,sizes:1,danhattan|danhattan rtd
true,dareos,DAREOS TSIPOURO,dareos tsipouro,31665,10,,sizes:1,dareos|dareos tsipouro
true,darnley,DARNLEY S VIEW ORIGINAL GIN,darnley view original gin,32680,10,,sizes:1,darnley
true,darvelle,DARVELLE FRERES VSOP BRANDY,darvelle freres vsop brandy,31365,10,,sizes:1,darvelle|darvelle freres
true,dasara,DASARA SAVARI GIN,dasara savari gin,34945,10,,sizes:1,dasara|dasara savari
true,dashfire,DASHFIRE BBN OLD FASHIONED,dashfire bbn old fashioned,21930,2,,sizes:1|flavors:1,dashfire|dashfire bbn
true,david,DAVID NICHOLSON 1843,david nicholson 1843,18530,10,DAVID NICHOLSON RESERVE (2),sizes:1,david|david nicholson
true,davyjones,DAVYJONES RUM,davyjones rum,12213,10,,sizes:1,davyjones
true,day,DAY DREAMER REPOSADO CERAMIC,day dreamer reposado ceramic,35686,10,DAY TRIP STRAWBERRY BITTER LIQ (2),sizes:1,day|day trip|day dreamer
true,dc,DC CAMO BUTCHER S CUT BBN,dc camo butcher cut bbn,36437,10,DC HOMEGROWN RYE SHERRY BARREL (2),sizes:1,
true,deadwood,DEADWOOD RYE WHISKEY,deadwood rye whiskey,35555,10,,sizes:1,deadwood|deadwood rye
true,deanston,DEANSTON VIRGIN OAK,deanston virgin oak,10941,10,DEANSTON 12 YR (0),sizes:1,deanston|deanston virgin|deanston 12
true,death,DEATH S DOOR GIN,death door gin,7494,10,,sizes:1,death
true,delola,DELOLA SPRITZ PALOMA ROSA,delola spritz paloma rosa,28804,10,DELOLA SPRITZ L ORANGE (2),sizes:1,delola|delola spritz|delola light
true,deluze,DELUZE VSOP COGNAC,deluze vsop cognac,32596,10,,sizes:1,deluze|deluze vsop
true,dempsey,DEMPSEY S IRISH WHISKEY,dempsey irish whiskey,19438,10,DEMPSEY S IRISH CREAM (2),sizes:1,dempsey
true,denaka,DENAKA 80 DEN,denaka 80 den,91216,20,,sizes:2,denaka|denaka 80
true,denizen,DENIZEN AGED WHITE RUM,denizen aged white rum,23977,10,DENIZEN MERCHANTS RESERVE (2),sizes:1,denizen|denizen aged|denizen merchants
true,detonacion,DETONACION REPOSADO CRISTALINO,detonacion reposado cristalino,101604,10,,sizes:1,detonacion|detonacion reposado
true,devil,DEVIL S DEVIL SINNAMON SPIRITS,devil devil sinnamon spirits,33820,20,DEVIL S DEVIL SINNAMON SPIR (10),sizes:2,devil
true,devlin,DEVLIN IRISH WHISKEY,devlin irish whiskey,32549,10,,sizes:1,devlin|devlin irish
true,devotion,DEVOTION TIKI TEA,devotion tiki tea,35556,20,,sizes:2,devotion|devotion tiki
true,dewar,DEWAR S WHITE LABEL,dewar white label,16907,60,DEWAR S SPECIAL RESERVE 12 YR (12),sizes:6,dewar
true,dg,DG SINGLE BARREL RYE CASK,dg single barrel rye cask,23537,2,,sizes:1|flavors:1,
true,di,DI AMORE AMARETTO,di amore amaretto,88116,30,DI AMORE SAMBUCA (20),sizes:3,
true,diaz,DIAZ BROTHERS AGAVE ESPADIN,diaz brothers agave espadin,23901,10,,sizes:1,diaz|diaz brothers
true,dictador,DICTADOR RUM,dictador rum,36509,10,DICTADOR RUM 12 YR (0),sizes:1,dictador
true,dimple,DIMPLE PINCH SCOTCH,dimple pinch scotch,18567,2,,sizes:1|flavors:1,dimple|dimple pinch
true,diplomatico,DIPLOMATICO AMBASSADOR,diplomatico ambassador,11777,20,DIPLOMATICO RESERVA EXCLUSIVA (12),sizes:2,diplomatico|diplomatico chancellor|diplomatico ambassador|diplomatico reserva|diplomatico mantuano|diplomatico planas|diplomatico seleccion|diplomatico dstl|diplomatico no|diplomatico sngl|diplomatico rsva
true,disaronno,DISARONNO AMARETTO IT,disaronno amaretto it,41497,70,DISARONNO VELVET CREAM LIQUEUR (22),sizes:7,disaronno|disaronno amaretto|disaronno velvet|disaronno 500yr
true,distiller,DISTILLER S CHOICE BLEND IRISH,distiller choice blend irish,33961,10,DISTILLER S CACHE 4 GRAIN BOND (2),sizes:1,distiller
true,distillerie,DISTILLERIE PAUL DEVOILLE,distillerie paul devoille,31907,10,,sizes:1,distillerie|distillerie paul
true,divino,DIVINO MAGUEY ESPADIN,divino maguey espadin,34413,20,DIVINO MAGUEY GUAYABA (10),sizes:2,divino|divino maguey
true,divna,DIVNA QUINCE BRANDY,divna quince brandy,31909,10,,sizes:1,divna|divna quince
true,dizzy,DIZZY DONKEY BLANCO TEQ,dizzy donkey blanco teq,35704,20,DIZZY DONKEY REPOSADO (10),sizes:2,dizzy|dizzy donkey
true,doctor,DOCTOR BIRD RUM,doctor bird rum,16068,20,DOCTOR BIRD PINAPPLE RUM (2),sizes:2,doctor|doctor bird
true,dolin,DOLIN GENEPY LE CHAMOIS,dolin genepy le chamois,10828,10,,sizes:1,dolin|dolin genepy
true,domaine,DOMAINE DE CANTON,domaine de canton,6303,30,,sizes:3,domaine|domaine de
true,domainer,DOMAINER LIQUEUR,domainer liqueur,100247,10,,sizes:1,domainer
true,dong,DONG AN BAIJIU,dong an baijiu,31840,10,,sizes:1,dong|dong an
true,door,DOOR COUNTY CHERRY VODKA,door county cherry vodka,22865,2,,sizes:1|flavors:1,door|door county
true,doorly,DOORLY S X O RUM,doorly rum,26572,10,DOORLY S 8 YR (0),sizes:1,doorly
true,dorado,DORADO GOLD,dorado gold,21510,10,,sizes:1,dorado|dorado gold
true,dorda,DORDA DOUBLE CHOCOLATE LIQUEUR,dorda double chocolate liqueur,23213,10,DORDA COFFEE LIQUEUR (2),sizes:1,dorda|dorda sea|dorda double|dorda coffee
true,dough,DOUGH BALL COOKIE DOUGH WHISKY,dough ball cookie dough whisky,26041,20,DOUGH BALL COOKIE DOUGH WSK (10),sizes:2,dough|dough ball
true,dr,DR MCGILLICUDDY S MENTHOLMN,dr mcgillicuddy mentholmn,57457,60,DR MCGILLICUDDY S CHERRY (52),sizes:6,
true,drambuie,DRAMBUIE SCOT,drambuie scot,64037,30,,sizes:3,drambuie|drambuie scot
true,droptine,DROPTINE BOURBON WHISKEY,droptine bourbon whiskey,23880,10,,sizes:1,droptine
true,drumshanbo,DRUMSHANBO GUNPOWDER IRISH GIN,drumshanbo gunpowder irish gin,16041,30,DRUMSHANBO CALI CITRUS GIN (10),sizes:3,drumshanbo|drumshanbo tawny|drumshanbo gunpowder|drumshanbo sausage|drumshanbo cali|drumshanbo sard|drumshanbo galante|drumshanbo single|drumsha|drumsha gunpowder|drums|drums sardinian
true,dry,DRY GIN XII,dry gin xii,35240,10,DRY FLY BOURBON 101 (4),sizes:1,dry|dry fly
true,dshot,DSHOT SOUR TROPICAL STORM,dshot sour tropical storm,34658,10,DSHOT SOUR APPLE (2),sizes:1,dshot|dshot juicy|dshot sour|dshot watermelon
true,dublin,DUBLIN INK,dublin ink,53800,10,,sizes:1,dublin|dublin ink
true,dubliner,DUBLINER FIERY IRISH,dubliner fiery irish,33704,10,,sizes:1,dubliner|dubliner fiery
true,duggan,DUGGAN S DEW SCOTCH,duggan dew scotch,89776,10,,sizes:1,duggan
true,duke,DUKE KENTUCKY STRAIGHT BOURBON,duke kentucky straight bourbon,18351,10,DUKE DAME SALTED CARAMEL (-6),sizes:1,duke|duke kentucky|duke dame
true,dulce,DULCE VIDA ORGANIC BLANCO,dulce vida organic blanco,15357,40,DULCE VIDA GRAPEFRUIT (22),sizes:4,dulce|dulce vida
true,duncan,DUNCAN TAYLOR BLENDED SCOTCH,duncan taylor blended scotch,100133,20,DUNCAN TAYLOR 12 YR (10),sizes:2,duncan|duncan taylor
true,dusse,DUSSE VSOP,dusse vsop,34345,10,,sizes:1,dusse|dusse vsop
true,dutch,DUTCH BARN VODKA,dutch barn vodka,35496,10,,sizes:1,dutch|dutch barn
true,e,E J V S,,34687,70,E J SUPERIOR RESERVE V S O P (62),sizes:7,
true,eagle,EAGLE RARE SINGLE BARREL 10 YR,eagle rare single barrel 10,953,12,EAGLE RARE 30 YR (0),sizes:3|flavors:1|aged,eagle|eagle rare
true,early,EARLY TIMES,early times,8637,70,EARLY TIMES BOTTLED IN BOND (12),sizes:7,early|early times
true,east,EAST SIDE GIN,east side gin,34870,10,,sizes:1,east|east side
true,edinburgh,EDINBURGH GIN,edinburgh gin,35270,30,EDINBURGH ELDERFLOWER LIQUEUR (20),sizes:3,edinburgh|edinburgh rhubarb|edinburgh elderflower|edinburgh the|edinburgh raspberry|edinburgh key|edinburgh seaside|edinburgh lemon
true,effen,EFFEN VODKA,effen vodka,3710,30,EFFEN CUCUMBER (20),sizes:3,effen|effen green|effen cucumber|effen black
true,egg,EGG NOG APPALACHIAN SIPPIN CRE,egg nog appalachian sippin cre,24714,2,,sizes:1|flavors:1,egg|egg nog
true,eight,EIGHT RESERVE BY 818 ANEJO,eight reserve by 818 anejo,28224,12,,sizes:2|flavors:1,eight|eight reserve
true,eighteen,EIGHTEEN 67 CANADIAN WHISKY,eighteen 67 canadian whisky,19685,10,EIGHTEEN 67 CANADIAN APPLE (2),sizes:1,eighteen|eighteen 67
true,eiko,EIKO VODKA,eiko vodka,101598,10,,sizes:1,eiko
true,eiregold,EIREGOLD IRISH WHISKEY,eiregold irish whiskey,32585,10,,sizes:1,eiregold|eiregold irish
true,eis,EIS MINZE PEPPERMINT SCHNAPPS,eis minze peppermint schnapps,27126,2,,sizes:1|flavors:1,eis|eis minze
true,element,ELEMENT LORE SINGLE MALT IRISH,element lore single malt irish,31408,10,ELEMENT FUSION R 1 0 (-990),sizes:1,element|element fusion|element lore
true,elisir,ELISIR MP ROUX LIQUEUR,elisir mp roux liqueur,33601,10,,sizes:1,elisir|elisir mp
true,elite,ELITE ARAK,elite arak,33614,10,,sizes:1,elite|elite arak
true,ellington,ELLINGTON CANADIAN WHISKY,ellington canadian whisky,30632,20,ELLINGTON RSRV BUTTER PECAN CR (2),sizes:2,ellington|ellington reserve|ellington resrv|ellington canadian|ellington rsrv|ellington extr
true,elmer,ELMER T LEE,elmer lee,959,10,,sizes:1,elmer
true,elsewhere,ELSEWHERE BLOOD ORANGE APERITI,elsewhere blood orange aperiti,33993,2,,sizes:1|flavors:1,elsewhere|elsewhere blood
true,emmets,EMMETS IRISH CREAM IRE,emmets irish cream ire,46137,22,,sizes:3|flavors:1,emmets|emmets irish
true,empress,EMPRESS 1908 INDIGO GIN,empress 1908 indigo gin,24464,40,EMPRESS ELDERFLOWER ROSE GIN (20),sizes:4,empress|empress original|empress 1908|empress elderflower|empress cucumber
true,enchanted,ENCHANTED FLURRIES ELDERFLOWER,enchanted flurries elderflower,30795,10,ENCHANTED FLURRIES RASPBERRY (2),sizes:1,enchanted|enchanted flurries
true,engine,ENGINE ORGANIC GIN,engine organic gin,25795,10,,sizes:1,engine|engine organic
true,ensign,ENSIGN RED WHISKY,ensign red whisky,28839,20,ENSIGN RED PEACH (12),sizes:2,ensign|ensign red
true,equiano,EQUIANO LIGHT RUM,equiano light rum,33724,10,,sizes:1,equiano|equiano light
true,esme,ESME GIN,esme gin,29201,20,ESME PINK GIN (10),sizes:2,esme|esme pink
true,espero,ESPERO BLANCO,espero blanco,34720,10,,sizes:1,espero|espero blanco
true,evan,EVAN WILLIAMS BLACK LABEL,evan williams black label,8687,70,EVAN WILLIAMS HONEY (42),sizes:7,evan|evan williams|evan wms
true,evangeline,EVANGELINE S PRALINES CREAM,evangeline pralines cream,14670,2,,sizes:1|flavors:1,evangeline
true,evil,EVIL BEAN COFFEE LIQUEUR,evil bean coffee liqueur,34398,2,,sizes:1|flavors:1,evil|evil bean
true,exclusiv,EXCLUSIV VODKA,exclusiv vodka,33925,40,EXCLUSIV APPLE VODKA (22),sizes:4,exclusiv|exclusiv apple|exclusiv berry|exclusiv coconut|exclusiv peach|exclusiv pineapple
true,ezra,EZRA BROOKS KSBW 90 PRF,ezra brooks ksbw 90 prf,100129,40,EZRA BROOKS SOUR MASH 99 PROOF (20),sizes:4,ezra|ezra brooks|ezra books
true,failte,FAILTE VODKA POTATO,failte vodka potato,33830,10,,sizes:1,failte
true,familia,FAMILIA CAMARENA PLATINUM ANEJ,familia camarena platinum anej,31455,10,,sizes:1,familia|familia camarena
true,faretti,FARETTI BISCOTTI LIQUEUR,faretti biscotti liqueur,33115,10,FARETTI ESPRESSO COFFEE LIQ (-6),sizes:1,faretti|faretti espresso|faretti biscotti
true,farmer,FARMER S GIN,farmer gin,32157,10,,sizes:1,farmer
true,fennellys,FENNELLYS IRISH CREAM,fennellys irish cream,27621,2,,sizes:1|flavors:1,fennellys|fennellys irish
true,fernet,FERNET BRANCA,fernet branca,1737,30,FERNET VITTONE CLASSICO (10),sizes:3,fernet|fernet branca|fernet vittone
true,fid,FID STREET LONDON DRY GIN,fid street london dry gin,34037,10,,sizes:1,fid|fid street
true,fidelitas,FIDELITAS KIRSCHWASSER,fidelitas kirschwasser,27132,10,,sizes:1,fidelitas|fidelitas kirschwasser
true,field,FIELD STREAM SWEET TEA MOONS,field stream sweet tea moons,35049,10,FIELD STREAM HONEY PECAN (2),sizes:1,field|field stream
true,fifty,FIFTY STATES VODKA,fifty states vodka,30770,20,,sizes:2,fifty|fifty states
true,figenza,FIGENZA MEDITERRANEAN FIG VODKA,figenza mediterranean fig vodka,101804,10,,sizes:1,figenza|figenza mediterranean
true,fighting,FIGHTING COCK BBN,fighting cock bbn,84566,10,,sizes:1,fighting|fighting cock
true,filibuster,FILIBUSTER TRIPLE CASK MADEIRA,filibuster triple cask madeira,28204,10,FILIBUSTER BOTTLED IN BOND BBN (2),sizes:1,filibuster|filibuster bottled|filibuster triple
true,finlaggan,FINLAGGAN OLD RESERVE SNGL MLT,finlaggan old reserve sngl mlt,31249,2,,sizes:1|flavors:1,finlaggan|finlaggan old
true,finlandia,FINLANDIA FIN,finlandia fin,61207,40,FINLANDIA GRAPEFRUIT (12),sizes:4,finlandia|finlandia grapefruit|finlandia fin
true,fiorente,FIORENTE ELDERFLOWER LIQUEUR,fiorente elderflower liqueur,15116,10,,sizes:1,fiorente|fiorente elderflower
true,fireball,FIREBALL CINNAMON,fireball cinnamon,88236,54,FIREBALL BLAZIN APPLE (44),sizes:7|flavors:2,fireball|fireball cinnamon|fireball torch|fireball blazin|fireball tropical|fireball party|fireball birdieshot|fireball cinn|fireball cinna|fireball summer|fireball window|fireball dragon|fireball tailgate|fireball collector|fireball trick|fireball candy|fireball stocking|fireball truth|fireball wreath|fireball lions|fireball blazn|fireball gift|fireball winter|fireball ski|fireball square|fireball cinnam
true,firefly,FIREFLY SWEET TEA,firefly sweet tea,5460,32,FIREFLY MOONSHINE (2),sizes:4|flavors:1,firefly|firefly sweet|firefly apple|firefly caramel|firefly cherry|firefly moonshine|firefly peach|firefly strawberry
true,first,FIRST CALL KY STRAIGHT RYE WSK,first call ky straight rye,29206,20,FIRST WEST EXTRA AGED BBN (10),sizes:2,first|first west|first call
true,fistful,FISTFUL OF BOURBON,fistful of bourbon,26328,10,,sizes:1,fistful|fistful of
true,fkng,FKNG VODKA,fkng vodka,20418,10,FKNG SM BATCH BOURBON 5 YR (-8),sizes:1,fkng|fkng sm|fkng sngl
true,floh,FLOH VODKA,floh vodka,35885,10,FLOH VODKA PINK GRPFRUT DRAGON (2),sizes:1,floh
true,flor,FLOR DE CANA ANEJO ORO,flor de cana anejo oro,236,20,FLOR DE CANA ECO (10),sizes:2,flor|flor de
true,flying,FLYING ACE STRAIGHT BOURBON,flying ace straight bourbon,23808,10,FLYING ACE PEACH WHISKEY (2),sizes:1,flying|flying ace
true,foggy,FOGGY MTN LATITUDE 45 VODKA,foggy mtn latitude 45 vodka,34284,20,FOGGY MTN NX BOURBON (10),sizes:2,foggy|foggy mtn|foggy mountain
true,fontbonne,FONTBONNE HERBAL LIQUEUR,fontbonne herbal liqueur,32371,10,,sizes:1,fontbonne|fontbonne herbal
true,fords,FORDS GIN,fords gin,22484,20,FORDS GIN SLOE GIN (10),sizes:2,fords
true,foret,FORET D ORANGES COGNAC LIQUEUR,foret oranges cognac liqueur,27134,2,,sizes:1|flavors:1,foret
true,forty,FORTY CREEK BARREL SELECT,forty creek barrel select,93550,4,,sizes:2|flavors:2,forty|forty creek
true,founder,FOUNDER S CHOICE SM IRISH WSKY,founder choice sm irish wsky,33962,10,,sizes:1,founder
true,four,FOUR FREEDOMS VODKA,four freedoms vodka,19407,40,FOUR ROSES BOURBON (30),sizes:4,four|four roses|four freedoms|four sixes|four carat|four corners
true,frangelico,FRANGELICO,frangelico,4962,30,,sizes:3,frangelico
true,fraser,FRASER THOMPSON WHISKEY,fraser thompson whiskey,31765,10,,sizes:1,fraser|fraser thompson
true,freedom,FREEDOM FIGHTER BOURBON,freedom fighter bourbon,100832,10,,sizes:1,freedom|freedom fighter
true,fresh,FRESH BOURBON WHISKEY,fresh bourbon whiskey,36481,10,,sizes:1,fresh
true,friesia,FRIESIA VODKA,friesia vodka,33274,40,,sizes:4,friesia
true,fris,FRIS VODKA,fris vodka,60417,70,FRIS VODKA 100 PROOF (24),sizes:7,fris|fris peach|fris pink|fris raspberry|fris variety
true,frisky,FRISKY WHISKEY,frisky whiskey,31533,10,,sizes:1,frisky
true,froggy,FROGGY B VODKA,froggy vodka,27136,20,,sizes:2,froggy
true,fukano,FUKANO JAPANESE WHISKY,fukano japanese whisky,29942,10,FUKANO JAPANESE SNGL CASK 14YR (0),sizes:1,fukano|fukano japanese
true,fully,FULLY COCKED ROOSTER AMER BBN,fully cocked rooster amer bbn,36426,10,,sizes:1,fully|fully cocked
true,fulton,FULTON S PUMPKIN PIE CREAM LIQ,fulton pumpkin pie cream liq,6926,-6,,sizes:1|flavors:2,fulton
true,fuyu,FUYU JAPANESE MIZUNARA FIN,fuyu japanese mizunara fin,30381,10,FUYU JAPANESE WHISKEY SM BATCH (2),sizes:1,fuyu|fuyu japanese
true,g,G W FIVE STAR,five star,3097,50,G J GREENALL S EMERALD STAR GIN (20),sizes:5,
true,gabriello,GABRIELLO AMARO TOSCANO,gabriello amaro toscano,36899,10,,sizes:1,gabriello|gabriello amaro
true,gaetano,GAETANO TRIPLE SEC,gaetano triple sec,84176,20,GAETANO AMARETTO (10),sizes:2,gaetano|gaetano amaretto|gaetano melon|gaetano black|gaetano blue|gaetano orange|gaetano peach|gaetano long|gaetano grand|gaetano triple|gaetano root
true,gallant,GALLANT VODKA,gallant vodka,29129,40,,sizes:4,gallant
true,galliano,GALLIANO L AUTENTICO,galliano autentico,19666,30,GALLIANO L APERTIVO (10),sizes:3,galliano|galliano espresso
true,game,GAME DAY VODKA,game day vodka,36323,20,GAME TIME VODKA (10),sizes:2,game|game time|game day
true,gammel,GAMMEL DANSK BITTERS,gammel dansk bitters,36510,10,,sizes:1,gammel|gammel dansk
true,garava,GARAVA SHADY APPLE BRANDY,garava shady apple brandy,31910,2,,sizes:1|flavors:1,garava|garava shady
true,garavogue,GARAVOGUE IRISH WHISKY,garavogue irish whisky,35983,10,,sizes:1,garavogue|garavogue irish
true,garland,GARLAND S IRISH CREAM LIQUEUR,garland irish cream liqueur,36101,2,,sizes:1|flavors:1,garland
true,garnish,GARNISH ISLAND GIN,garnish island gin,101846,10,,sizes:1,garnish|garnish island
true,gautier,GAUTIER VS,gautier vs,13428,20,,sizes:2,gautier|gautier vs
true,geijer,GEIJER CALIFORNIA FALERNUM,geijer california falernum,31357,10,,sizes:1,geijer|geijer california
true,gentiane,GENTIANE LIQUEUR,gentiane liqueur,100565,10,,sizes:1,gentiane
true,gentleman,GENTLEMAN JACK,gentleman jack,8787,60,GENTLEMAN S CUT (10),sizes:6,gentleman|gentleman jack
true,geometric,GEOMETRIC GIN,geometric gin,101018,10,,sizes:1,geometric
true,georgi,GEORGI VODKA,georgi vodka,16869,10,GEORGI RASPBERRY (2),sizes:1,georgi|georgi french|georgi raspberry
true,georgia,GEORGIA MOON FRUIT JAR,georgia moon fruit jar,91490,10,GEORGIA MOON PEACH (2),sizes:1,georgia|georgia moon
true,germain,GERMAIN ROBIN XO,germain robin xo,31456,10,GERMAIN ROBIN 7 YR (0),sizes:1,germain|germain robin
true,ghost,GHOST BLANCO TEQUILA,ghost blanco tequila,23133,20,GHOST REPOSADO TEQUILA (10),sizes:2,ghost|ghost spicy|ghost blanco|ghost reposado
true,giant,GIANT 95,giant 95,18493,10,,sizes:1,giant|giant 95
true,gibson,GIBSON S 12 YR,gibson 12 yr,8098,0,,sizes:1|aged,gibson
true,gilbey,GILBEY S D L D,gilbey,27507,50,GILBEY S VODKA (30),sizes:5,gilbey
true,gin,GIN MARE,gin mare,29414,20,GIN MG CLASSIC (10),sizes:2,gin|gin lane|gin mare|gin de|gin mg
true,ginarte,GINARTE DRY GIN,ginarte dry gin,26762,10,,sizes:1,ginarte|ginarte dry
true,ginger,GINGER DEVIL GINGER SPICED,ginger devil ginger spiced,18562,-6,,sizes:1|flavors:2,ginger|ginger devil
true,ginja,GINJA ROSSIO CHERRY LIQUEUR,ginja rossio cherry liqueur,28911,2,,sizes:1|flavors:1,ginja|ginja rossio
true,ginstache,GINSTACHE GREYSTACHE,ginstache greystache,18248,10,,sizes:1,ginstache|ginstache greystache
true,giulioncello,GIULIONCELLO CITRUS CREAM,giulioncello citrus cream,36308,2,,sizes:1|flavors:1,giulioncello|giulioncello citrus
true,glayva,GLAYVA LIQUEUR,glayva liqueur,30797,10,,sizes:1,glayva
true,glencadam,GLENCADAM 1825 SINGLE MALT,glencadam 1825 single malt,32841,10,,sizes:1,glencadam|glencadam 1825
true,glenfiddich,GLENFIDDICH 12 YR,glenfiddich 12 yr,17707,40,GLENFIDDICH GRAND COURONNE 26Y (10),sizes:5|aged,glenfiddich|glenfiddich 18|glenfiddich 14|glenfiddich 30|glenfiddich 12|glenfiddich grand|glenfiddich 12yr|glenfiddich 21|glenfiddich 19|glenfiddich aston|glenfiddich 40|glenfiddich 15
true,glenkinchi,GLENKINCHI 27 YR,glenkinchi 27 yr,30146,0,,sizes:1|aged,glenkinchi|glenkinchi 27
true,glenkinchie,GLENKINCHIE 12 YR,glenkinchie 12 yr,4775,0,,sizes:1|aged,glenkinchie|glenkinchie 12
true,glenmorangie,GLENMORANGIE ORIGINAL 12 YR,glenmorangie original 12 yr,32041,20,GLENMORANGIE X (10),sizes:3|aged,glenmorangie|glenmorangie harrison|glenmorangie gv|glenmorangie cadboll|glenmorangie barrel|glenmorangie original|glenmorangie triple|glenmorangie azuma|glenmorangie tale|glenmorangie the|glenmorangie lasanta|glenmorangie nectar|glenmorangie origina|glenmorangie quinta|glenmorangie orig|glenmorangie signet|glenmorangie 18
true,glenvulin,GLENVULIN LION,glenvulin lion,34660,10,,sizes:1,glenvulin|glenvulin lion
true,goalong,GOALONG SINGLE MALT WHISKY,goalong single malt whisky,26373,10,,sizes:1,goalong|goalong single
true,godawan,GODAWAN RICH AND ROUNDED,godawan rich and rounded,28825,10,,sizes:1,godawan|godawan rich
true,godenoc,GODENOC EXTRA ANEJO CERAMIC,godenoc extra anejo ceramic,24242,10,,sizes:1,godenoc|godenoc extra
true,gokoo,GOKOO MUGI SHOCHU,gokoo mugi shochu,33070,10,,sizes:1,gokoo|gokoo mugi
true,gold,GOLD RUSH,gold rush,17660,10,GOLD SPOT 13 YR (0),sizes:1,gold|gold rush|gold spot
true,goldschlager,GOLDSCHLAGER SCHNAPPS SWZ,goldschlager schnapps swz,58487,50,GOLDSCHLAGER 10PK (10),sizes:5,goldschlager|goldschlager rose|goldschlager pl
true,good,GOOD BOY VODKA,good boy vodka,27839,40,GOOD TIMES DARK FRUIT (10),sizes:4,good|good old|good boy|good times
true,gooderham,GOODERHAM WORTS WHISKY,gooderham worts whisky,32261,10,,sizes:1,gooderham|gooderham worts
true,goodnight,GOODNIGHT LOVING VODKA,goodnight loving vodka,35667,30,,sizes:3,goodnight|goodnight loving
true,gosling,GOSLING S BLACK SEAL 80 BER,gosling black seal 80 ber,39307,30,GOSLING S GOLD RUM (10),sizes:3,gosling
true,goslings,GOSLINGS SPIRITED SEAS RUM,goslings spirited seas rum,27749,10,GOSLINGS OLD RUM BARREL RYE (2),sizes:1,goslings|goslings spirited|goslings old
true,gothic,GOTHIC GIN,gothic gin,31852,10,,sizes:1,gothic
true,gozio,GOZIO AMARETTO,gozio amaretto,370,10,,sizes:1,gozio|gozio amaretto
true,gr,GR TRAV DIST COCOA BEAN VODKA,gr trav dist cocoa bean,36593,10,,sizes:1,
true,gracias,GRACIAS A DIOS MEZCAL ESPADIN,gracias dios mezcal espadin,17867,10,,sizes:1,gracias
true,grainger,GRAINGER S ORG CITRUS VODKA,grainger org citrus vodka,28707,10,GRAINGER S ORG ORANGE VODKA (2),sizes:1,grainger
true,graingers,GRAINGERS DELUXE ORGANIC VODKA,graingers deluxe organic vodka,20524,20,GRAINGERS DLX ORG DBL ESPRESSO (2),sizes:2,graingers|graingers deluxe|graingers dlx
true,gran,GRAN GALA VS,gran gala vs,53744,60,GRAN CENTENARIO PLATA (40),sizes:6,gran|gran gala|gran centenario|gran finale|gran patron|gran cava|gran comisario|gran coramino|gran orendain|gran classico
true,grand,GRAND MARNIER FR,grand marnier fr,64337,50,GRAND MACNISH (20),sizes:5,grand|grand traverse|grand mayan|grand macnish|grand marnier|grand travers|grand garonne|grand imperial|grand love
true,grande,GRANDE ABSENTE,grande absente,4937,20,GRANDE ABSENTE MOULIN ROUGE (10),sizes:2,grande|grande absente
true,grangestone,GRANGESTONE BOURBON CSK FINISH,grangestone bourbon csk finish,101887,30,GRANGESTONE SHERRY CASK FINISH (20),sizes:3,grangestone|grangestone sherry|grangestone single|grangestone sm|grangestone non|grangestone pineau
true,granier,GRANIER MON PASTIS,granier mon pastis,34650,10,,sizes:1,granier|granier mon
true,granja,GRANJA NOMADA JOVEN MEZCAL,granja nomada joven mezcal,34261,20,GRANJA NOMADA ENSAMBLE MEZCAL (10),sizes:2,granja|granja nomada
true,granny,GRANNY S GINGERBREAD CREAM,granny gingerbread cream,14954,-6,,sizes:1|flavors:2,granny
true,grant,GRANT S SCOTCH,grant scotch,18107,20,,sizes:2,grant
true,grappa,GRAPPA ITALIANA CAFFO,grappa italiana caffo,15930,10,,sizes:1,grappa|grappa italiana
true,green,GREEN MARK LATVIAN VODKA,green mark latvian vodka,36503,30,GREEN SPOT (10),sizes:3,green|green river|green mark|green spot|green door|green flame|green code|green card
true,greenall,GREENALL S LONDON DRY GIN,greenall london dry gin,9004,10,GREENALL S BLUEBERRY GIN (2),sizes:1,greenall
true,gregargious,GREGARGIOUS GRUMP CSK ST 14YR,gregargious grump csk st 14yr,31358,0,,sizes:1|aged,gregargious|gregargious grump
true,gregarious,GREGARIOUS GRUMP JAMAICAN 15YR,gregarious grump jamaican 15yr,31359,0,,sizes:1|aged,gregarious|gregarious grump
true,gregorienne,GREGORIENNE HERBAL LIQUEUR,gregorienne herbal liqueur,101881,10,,sizes:1,gregorienne|gregorienne herbal
true,grey,GREY GOOSE VODKA,grey goose vodka,5092,50,GREY GOOSE L ORANGE (22),sizes:5,grey|grey goose
true,grind,GRIND MOCHA ESPRESSO SHOT,grind mocha espresso shot,29169,12,GRIND CARAMEL ESPRESSO SHOT (4),sizes:2|flavors:1,grind|grind double|grind caramel|grind mocha|grind esp|grind espresso
true,grunt,GRUNT BAR BOURBON WHISKEY,grunt bar bourbon whiskey,33958,10,,sizes:1,grunt|grunt bar
true,guckenheimer,GUCKENHEIMER,guckenheimer,3448,10,,sizes:1,guckenheimer|guckenheimer pl
true,gun,GUN AND TRUCK SOCIETY BOURBON,gun and truck society bourbon,29856,10,,sizes:1,gun|gun and
true,gunroom,GUNROOM 4 PORTS RUM BARBADOS,gunroom ports rum barbados,32842,10,,sizes:1,gunroom
true,gypsy,GYPSY VODKA,gypsy vodka,20029,30,GYPSY WHISKEY (10),sizes:3,gypsy|gypsy apple|gypsy strawberry|gypsy cherry|gypsy maple
true,gyukuro,GYUKURO TEA SHOCHU,gyukuro tea shochu,33071,10,,sizes:1,gyukuro|gyukuro tea
true,h,H WALKER TRIPLE SEC 30,walker triple sec 30,62627,30,H WALKER PEACH SCHNAPPS (22),sizes:3,
true,ha,HA PENNY RHUBARB,ha penny rhubarb,21135,10,,sizes:1,
true,hacienda,HACIENDA VIEJA BLANCO,hacienda vieja blanco,10209,30,HACIENDA VIEJA REPOSADO (20),sizes:3,hacienda|hacienda vieja|hacienda de
true,haku,HAKU VODKA,haku vodka,19457,10,,sizes:1,haku
true,hakushu,HAKUSHU,hakushu,11218,10,HAKUSHU 100TH ANNV 18 YR (0),sizes:1,hakushu|hakushu 100th
true,hall,HALL OF FAME VODKA,hall of fame vodka,29758,10,,sizes:1,hall|hall of
true,hammock,HAMMOCK BAY COCONUT RUM,hammock bay coconut rum,26982,2,,sizes:1|flavors:1,hammock|hammock bay
true,hancock,HANCOCK S RESERVE BBN,hancock reserve bbn,93900,2,,sizes:1|flavors:1,hancock
true,hangar,HANGAR 1 STRAIGHT,hangar straight,9687,20,HANGAR 1 BUDDHA S HAND (10),sizes:2,hangar
true,hanson,HANSON OF SONOMA ORIGINAL ORG,hanson of sonoma original org,21592,20,HANSON OF SONOMA CUCUMBER ORG (10),sizes:2,hanson|hanson of|hanson espresso
true,hapusa,HAPUSA DRY GIN FROM INDIA,hapusa dry gin from india,32150,10,,sizes:1,hapusa|hapusa dry
true,harahorn,HARAHORN GIN,harahorn gin,34696,10,,sizes:1,harahorn
true,hard,HARD CHAW STRONG IRISH,hard chaw strong irish,32689,20,HARD TRUTH CINNAMON VODKA (12),sizes:2,hard|hard truth|hard head|hard chaw
true,hardy,HARDY VS COGNAC,hardy vs cognac,30886,20,HARDY XO RARE (10),sizes:2,hardy|hardy xo|hardy legend|hardy noces|hardy organic|hardy vs
true,harlequin,HARLEQUIN ORANGE LIQ,harlequin orange liq,1680,2,,sizes:1|flavors:1,harlequin|harlequin orange
true,harper,HARPER S VODKA,harper vodka,33592,10,,sizes:1,harper
true,harridan,HARRIDAN VODKA,harridan vodka,31766,10,,sizes:1,harridan
true,hartley,HARTLEY VSOP,hartley vsop,34827,70,HARTLEY PEACH VSOP (32),sizes:7,hartley|hartley peach|hartley apple|hartley vsop
true,hartwalker,HARTWALKER VODKA,hartwalker vodka,35418,10,,sizes:1,hartwalker
true,hattington,HATTINGTON S BLACKBERRY BRANDY,hattington blackberry brandy,27143,2,,sizes:1|flavors:1,hattington
true,hb,HB WHISKEY WAR DBL DBL OAKD,hb whiskey war dbl dbl,32442,10,,sizes:1,
true,hdw,HDW CENTURY VODKA,hdw century vodka,32040,10,,sizes:1,hdw|hdw century
true,heart,HEART OF GLASS STRAWBERRY VODK,heart of glass strawberry vodk,34641,2,,sizes:1|flavors:1,heart|heart of
true,heaven,HEAVEN S DOOR STRT BBN REVIVAL,heaven door strt bbn revival,19669,20,HEAVEN HILL LIGHT V I (10),sizes:2,heaven|heaven hill
true,hedonist,HEDONIST FRENCH GINGER LIQUEUR,hedonist french ginger liqueur,33831,2,,sizes:1|flavors:1,hedonist|hedonist french
true,hedy,HEDY S CHERRY INFUSED BRANDY,hedy cherry infused brandy,31740,2,,sizes:1|flavors:1,hedy
true,heering,HEERING CHERRY LIQ,heering cherry liq,15070,2,,sizes:1|flavors:1,heering|heering cherry
true,helix,HELIX,helix,14245,10,,sizes:1,helix
true,hendrick,HENDRICK S GIN,hendrick gin,3995,50,HENDRICK S ANOTHER GIN (20),sizes:5,hendrick
true,hennessy,HENNESSY V S,hennessy,37127,70,HENNESSY V S O P (60),sizes:7,hennessy|hennessy rita|hennessy iced|hennessy berry|hennessy vsop|hennessy xo|hennessy paradis|hennessy black|hennessy master|hennessy richard|hennessy vs
true,henri,HENRI BARDOIUN PASTIS,henri bardoiun pastis,22449,10,,sizes:1,henri|henri bardoiun
true,henry,HENRY MCKENNA BOURBON,henry mckenna bourbon,10452,20,HENRY MCKENNA SINGLE BARREL (2),sizes:2,henry|henry mckenna
true,herbsaint,HERBSAINT,herbsaint,10441,10,,sizes:1,herbsaint
true,heritage,HERITAGE DUAL BARREL BOURBON,heritage dual barrel bourbon,35181,2,,sizes:1|flavors:1,heritage|heritage dual
true,hermes,HERMES OUZO,hermes ouzo,27221,10,,sizes:1,hermes|hermes ouzo
true,heroes,HEROES AMERICAN VODKA,heroes american vodka,19399,30,,sizes:3,heroes|heroes american
true,hi5,HI5 VODKA,hi5 vodka,101700,10,,sizes:1,hi5
true,hibiki,HIBIKI JAPANESE HARMONY,hibiki japanese harmony,12745,10,,sizes:1,hibiki|hibiki japanese
true,highclere,HIGHCLERE CASTLE GIN,highclere castle gin,21535,10,HIGHCLERE CASTLE BRRL AGED GIN (2),sizes:1,highclere|highclere castle
true,highland,HIGHLAND MIST,highland mist,19067,30,HIGHLAND PARK CASK STRENGTH 4 (10),sizes:3,highland|highland park|highland mist|highland blnded
true,highwing,HIGHWING HONEY RYE WHISKEY,highwing honey rye whiskey,101032,12,HIGHWING HONEY RYE WHISKY 10PK (2),sizes:2|flavors:1,highwing|highwing honey
true,himbrimi,HIMBRIMI ICELANDIC OLD TOM GIN,himbrimi icelandic old tom gin,32315,10,,sizes:1,himbrimi|himbrimi icelandic
true,hinotori,HINOTORI JAPANESE BLENDED WHISKY 5 YR,hinotori japanese blended whisky yr,101592,0,,sizes:1|aged,hinotori|hinotori japanese
true,hiram,HIRAM WALKER COFFEE 60,hiram walker coffee 60,6380,2,,sizes:1|flavors:1,hiram|hiram walker
true,hirsch,HIRSCH THE HORIZON,hirsch the horizon,22260,10,HIRSCH SB DBL OAK GOLD BARREL (2),sizes:1,hirsch|hirsch the|hirsch sb|hirsch sngl
true,hochstadter,HOCHSTADTER S SLOW LOW CAN,hochstadter slow low can,22868,10,,sizes:1,hochstadter
true,hochstadters,HOCHSTADTERS COFFEE RYE OF,hochstadters coffee rye of,35690,2,,sizes:1|flavors:1,hochstadters|hochstadters coffee
true,hog,HOG MASTER HERBAL LIQUEUER,hog master herbal liqueuer,31853,20,,sizes:2,hog|hog master
true,hoodoo,HOODOO ESPRESSO VODKA,hoodoo espresso vodka,33113,2,,sizes:1|flavors:1,hoodoo|hoodoo espresso
true,hotel,HOTEL TANGO SHMALLOW BBN,hotel tango shmallow bbn,25862,20,HOTEL TANGO VODKA (10),sizes:2,hotel|hotel tango|hotel ta
true,hovding,HOVDING NORWEGIAN AQUAVIT,hovding norwegian aquavit,34697,10,,sizes:1,hovding|hovding norwegian
true,howler,HOWLER HEAD BANANA BOURBON,howler head banana bourbon,21774,32,HOWLER HEAD 10PK (10),sizes:4|flavors:1,howler|howler head
true,hpnotiq,HPNOTIQ,hpnotiq,891,60,,sizes:6,hpnotiq
true,hrvatska,HRVATSKA STARA BADEL SLJIVOVIC,hrvatska stara badel sljivovic,32369,10,,sizes:1,hrvatska|hrvatska stara
true,hudson,HUDSON BRIGHT LIGHTS BIG BBN,hudson bright lights big bbn,12985,10,,sizes:1,hudson|hudson bright
true,hugh,HUGH HAMER DOUBLE OAKED BBN,hugh hamer double oaked bbn,35862,10,HUGH HAMER RUM BRRL FINISH BBN (2),sizes:1,hugh|hugh hamer
true,hunter,HUNTER RYE,hunter rye,10743,10,,sizes:1,hunter|hunter rye
true,hurst,HURST KNOLL KY STRT RYE WHISKY,hurst knoll ky strt rye,36224,10,,sizes:1,hurst|hurst knoll
true,ice,ICE BOX MUDSLIDE,ice box mudslide,93556,40,ICE HOLE MINT (22),sizes:4,ice|ice hole|ice box
true,iceberg,ICEBERG VODKA,iceberg vodka,3881,20,,sizes:2,iceberg
true,ide,IDE STILLS IRISH WHISKEY,ide stills irish whiskey,30799,30,IDE STILLS ORANGE IRISH WSKY (2),sizes:3,ide|ide stills
true,identity,IDENTITY ANEJO CRISTALINO TEQ,identity anejo cristalino teq,26765,10,,sizes:1,identity|identity anejo
true,idle,IDLE HANDS BOURBON 5 YR,idle hands bourbon yr,32316,0,,sizes:1|aged,idle|idle hands
true,iichiko,IICHIKO SHOCHU SAITEN,iichiko shochu saiten,30905,20,IICHIKO SILHOUETTE SHOCHU (10),sizes:2,iichiko|iichiko shochu|iichiko silhouette
true,il,IL TRAMONTO LIMONCELLO,il tramonto limoncello,7511,22,IL MALLO NOCINO ITALIAN LIQ (10),sizes:3|flavors:1,
true,iliria,ILIRIA RAKI RRUSHIT,iliria raki rrushit,10537,10,,sizes:1,iliria|iliria raki
true,immortal,IMMORTAL CLAN SCOTCH,immortal clan scotch,74427,-990,,sizes:1|combo,immortal|immortal clan
true,imperial,IMPERIAL,imperial,4088,20,,sizes:2,imperial
true,independence,INDEPENDENCE IRISH WHISKEY,independence irish whiskey,33444,20,,sizes:2,independence|independence irish
true,indoggo,INDOGGO STRAWBERRY GIN,indoggo strawberry gin,22777,2,,sizes:1|flavors:1,indoggo|indoggo strawberry
true,infuse,INFUSE SPIRITS CINNAMON APPLE,infuse spirits cinnamon apple,28495,-6,,sizes:1|flavors:2,infuse
true,inver,INVER HOUSE VERY RARE,inver house very rare,19467,20,,sizes:2,inver|inver house
true,inverdarach,INVERDARACH WING WOMAN RESERVE,inverdarach wing woman reserve,34374,2,,sizes:1|flavors:1,inverdarach|inverdarach wing
true,inverroche,INVERROCHE CLASSIC GIN,inverroche classic gin,36273,10,,sizes:1,inverroche|inverroche classic
true,iris,IRIS VALLEY TENNESSEE BOURBON,iris valley tennessee bourbon,101878,20,,sizes:2,iris|iris valley
true,irish,IRISH MANOR IRISH CREAM,irish manor irish cream,26322,22,IRISH MIST IRE HONEY (12),sizes:3|flavors:1,irish|irish manor|irish rover|irish mist
true,ironfish,IRONFISH WHIRLIGIG GIN,ironfish whirligig gin,34570,10,,sizes:1,ironfish|ironfish whirligig
true,isaac,ISAAC BOWMAN PORT FINISH BBN,isaac bowman port finish bbn,35021,10,,sizes:1,isaac|isaac bowman
true,ishtar,ISHTAR ARAK SPECIAL,ishtar arak special,24617,20,,sizes:2,ishtar|ishtar arak
true,islandjon,ISLANDJON VODKA,islandjon vodka,28865,20,ISLANDJON APPLE GWAYAV (2),sizes:2,islandjon|islandjon apple|islandjon mango|islandjon coconut
true,j,J DANIELS OLD 7 BLACK TN,daniels old black tn,9127,70,J DANIELS TENNESSEE APPLE (62),sizes:7,
true,jack,JACK DANIEL S TENNESSEE BLACKBERRY,jack daniel tennessee blackberry,100581,32,JACK DANIELS BONDED (12),sizes:4|flavors:1,jack|jack daniel|jack daniels
true,jacob,JACOB S PARDON SHERRY CASK FIN,jacob pardon sherry cask fin,35940,10,JACOB S PARDON SM BTCH NO3 18Y (2),sizes:1,jacob
true,jacobs,JACOBS PARDON SM BTCH WSKY NO2,jacobs pardon sm btch wsky,25473,2,,sizes:1|flavors:1,jacobs|jacobs pardon
true,jacques,JACQUES BONET BRANDY,jacques bonet brandy,99740,10,,sizes:1,jacques|jacques bonet
true,jacquins,JACQUINS BLACKBERRY BRANDY,jacquins blackberry brandy,35221,2,,sizes:1|flavors:1,jacquins|jacquins blackberry
true,jagermeister,JAGERMEISTER LIQ GER,jagermeister liq ger,64207,70,JAGERMEISTER MINI MEISTERS (10),sizes:7,jagermeister|jagermeister united|jagermeister orange|jagermeister liq|jagermeister mini|jagermeister cold|jagermeister green
true,jaja,JAJA BLANCO,jaja blanco,18528,10,,sizes:1,jaja|jaja blanco
true,jamaica,JAMAICA 18X77 XO RUM,jamaica 18x77 xo rum,33280,10,,sizes:1,jamaica|jamaica 18x77
true,james,JAMES FOXE CANADIAN,james foxe canadian,99630,20,JAMES E PEPPER GOLD FALL 2025 (10),sizes:2,james|james ownby|james foxe
true,jameson,JAMESON IRISH,jameson irish,25467,60,JAMESON ORANGE (42),sizes:6,jameson|jameson major|jameson triple|jameson distiller|jameson black|jameson caskmates|jameson 18|jameson cold|jameson orange|jameson irish|jameson blk
true,jamun,JAMUN DRY GIN,jamun dry gin,36814,10,,sizes:1,jamun|jamun dry
true,jarana,JARANA BLANCO,jarana blanco,22273,10,,sizes:1,jarana|jarana blanco
true,jd,JD CORSETS WHIPS HONEY WSKY,jd corsets whips honey wsky,35717,2,,sizes:1|flavors:1,
true,jean,JEAN MARC XO VODKA,jean marc xo vodka,2876,10,,sizes:1,jean|jean marc
true,jeffersons,JEFFERSONS OCN CSK STRNGTH V27,jeffersons ocn csk strngth v27,27692,10,,sizes:1,jeffersons|jeffersons ocn
true,jesse,JESSE JAMES AMER OUTLAW 90 PRF,jesse james amer outlaw 90,31844,20,JESSE JAMES BOURBON WHISKEY (10),sizes:2,jesse|jesse james
true,jewel,JEWEL LINES PRECIOUS VDKA,jewel lines precious vdka,33662,20,JEWEL LINES PRECIOUS VDKA DIAM (10),sizes:2,jewel|jewel lines
true,jiangxiang,JIANGXIANG JINSHA GU BAIJIU,jiangxiang jinsha gu baijiu,31679,10,,sizes:1,jiangxiang|jiangxiang jinsha
true,jim,JIM BEAM,jim beam,9247,70,JIM BEAM APPLE (52),sizes:7,jim|jim beam
true,jimmy,JIMMY RACK CSK STRNGTH RYE WKY,jimmy rack csk strngth rye,32006,10,,sizes:1,jimmy|jimmy rack
true,jinkoo,JINKOO IMO SHOCHU,jinkoo imo shochu,33072,10,,sizes:1,jinkoo|jinkoo imo
true,john,JOHN BARR RESERVE,john barr reserve,13841,22,JOHN BEGG BLUE CAP (10),sizes:3|flavors:1,john|john barr|john lee|john watling|john begg|john taylor
true,joker,JOKER S BLUFF BOURBON WHISKEY,joker bluff bourbon whiskey,33959,10,,sizes:1,joker
true,jon,JON RYE BLEND OF STRT WHISKIES,jon rye blend of strt,100680,20,,sizes:2,jon|jon rye
true,jonah,JONAH S CURSE BLACK SPICED RUM,jonah curse black spiced rum,27575,12,JONAH S CURSE BLACK COFFEE RUM (2),sizes:2|flavors:1,jonah
true,journeyman,JOURNEYMAN DISTILLERY GRAND SUMMER GIN,journeyman distillery grand summer gin,101517,20,JOURNEYMAN W R (10),sizes:2,journeyman|journeyman distillery|journeyman not|journeyman bilberry|journeyman buggy|journeyman corset|journeyman featherbone|journeyman field|journeyman humdinger|journeyman last|journeyman pit|journeyman red|journeyman road|journeyman silver|journeyman snaggle|journeyman old|journeyman high
true,juarez,JUAREZ SILVER,juarez silver,60157,30,JUAREZ GOLD (20),sizes:3,juarez|juarez silver|juarez triple|juarez gold
true,jules,JULES PERCHARD TRIPLE SEC LIQUEUR,jules perchard triple sec liqueur,53851,10,,sizes:1,jules|jules perchard
true,kahlua,KAHLUA 40 MEX,kahlua 40 mex,826,60,KAHLUA DUNKIN CARAMEL SWIRL (12),sizes:6,kahlua|kahlua dunkin|kahlua salted|kahlua 40|kahlua blonde|kahlua smooth|kahlua white|kahlua vanilla|kahlua especial|kahlua original|kahlua gingerbread
true,kaikatsu,KAIKATSU WHISKEY,kaikatsu whiskey,100682,10,,sizes:1,kaikatsu
true,kakatua,KAKATUA MEXICAN COFFEE LIQUEUR,kakatua mexican coffee liqueur,32623,2,,sizes:1|flavors:1,kakatua|kakatua mexican
true,kalani,KALANI COCONUT LIQUEUR,kalani coconut liqueur,34810,2,,sizes:1|flavors:1,kalani|kalani coconut
true,kalimera,KALIMERA OUZO,kalimera ouzo,28167,2,,sizes:1|flavors:1,kalimera|kalimera ouzo
true,kallmeti,KALLMETI RAKI PRUSHI,kallmeti raki prushi,36477,10,,sizes:1,kallmeti|kallmeti raki
true,kamchatka,KAMCHATKA,kamchatka,60687,50,,sizes:5,kamchatka|kamchatka pl
true,kamikaze,KAMIKAZE COCKTAIL,kamikaze cocktail,33333,20,,sizes:2,kamikaze|kamikaze cocktail
true,kamora,KAMORA COFFEE LIQ,kamora coffee liq,48477,42,KAMORA DULCE DE LECHE (20),sizes:5|flavors:1,kamora|kamora coffee|kamora dulce
true,kamoti,KAMOTI GREEN TEA SHOT,kamoti green tea shot,28267,30,KAMOTI WHITE TEA SHOT (20),sizes:3,kamoti|kamoti green|kamoti white
true,kanekou,KANEKOU OKINAWA JAPANESE WHSKY,kanekou okinawa japanese whsky,35129,10,,sizes:1,kanekou|kanekou okinawa
true,kangakoi,KANGAKOI SINGLE GRAIN WHISKY,kangakoi single grain whisky,26374,10,,sizes:1,kangakoi|kangakoi single
true,kapali,KAPALI 40,kapali 40,248,30,,sizes:3,kapali|kapali 40
true,karkov,KARKOV VODKA,karkov vodka,27234,10,,sizes:1,karkov
true,kasama,KASAMA SMALL BATCH RUM 7 YR,kasama small batch rum yr,23375,-8,,sizes:1|flavors:1|aged,kasama|kasama small
true,kase,KASE JAPANESE SHOCHU,kase japanese shochu,28184,10,,sizes:1,kase|kase japanese
true,kastra,KASTRA ELION VODKA,kastra elion vodka,32247,20,,sizes:2,kastra|kastra elion
true,katerina,KATERINA VELIKA GRAPE BRANDY,katerina velika grape brandy,31911,2,,sizes:1|flavors:1,katerina|katerina velika
true,kavanagh,KAVANAGH IRISH CREAM,kavanagh irish cream,29131,32,KAVANAGH IRISH WHISKEY (20),sizes:4|flavors:1,kavanagh|kavanagh bananas|kavanagh irish|kavanagh salted|kavanagh pistachio|kavanagh single|kavanagh pump|kavanagh saltd|kavanagh white|kavanagh choco|kavanagh chocolate|kavanagh coconut|kavanagh esprsso|kavanagh holiday
true,keepers,KEEPERS HEART IRISH BBN CSK ST,keepers heart irish bbn csk,34093,10,,sizes:1,keepers|keepers heart
true,kellogg,KELLOGG S EGGO NOG,kellogg eggo nog,26486,2,,sizes:1|flavors:1,kellogg
true,kentucky,KENTUCKY GENTLEMAN BOURBON WHISKEY,kentucky gentleman bourbon whiskey,53705,30,KENTUCKY COFFEE WHISKEY (12),sizes:3,kentucky|kentucky rambler|kentucky 10|kentucky owl|kentucky coffee|kentucky vintage|kentucky beau|kentucky gentleman
true,kessler,KESSLER,kessler,4407,60,,sizes:6,kessler|kessler pl
true,ketel,KETEL ONE HOL,ketel one hol,60597,50,KETEL ONE CITROEN HOL (30),sizes:5,ketel|ketel one
true,khortytsa,KHORTYTSA PLATINUM VODKA,khortytsa platinum vodka,20685,30,,sizes:3,khortytsa|khortytsa platinum
true,khukri,KHUKRI,khukri,36815,10,,sizes:1,khukri
true,kikisi,KIKISI MEXICAN COFFEE LIQUEUR,kikisi mexican coffee liqueur,30806,2,,sizes:1|flavors:1,kikisi|kikisi mexican
true,kikori,KIKORI WHISKEY,kikori whiskey,25773,10,,sizes:1,kikori
true,kilbeggan,KILBEGGAN IRISH,kilbeggan irish,25547,10,,sizes:1,kilbeggan|kilbeggan irish
true,kilbrin,KILBRIN BLENDED IRISH WHISKEY,kilbrin blended irish whiskey,101754,30,KILBRIN CHARRED CASK (10),sizes:3,kilbrin|kilbrin oloroso|kilbrin sherry|kilbrin charred
true,killepitsch,KILLEPITSCH,killepitsch,9287,10,,sizes:1,killepitsch
true,kilo,KILO KAI SPICED RUM,kilo kai spiced rum,33819,12,KILO KAI SPICED RUM SKULL BTL (2),sizes:2|flavors:1,kilo|kilo kai
true,kingston,KINGSTON QUEEN OVRPF WHITE RUM,kingston queen ovrpf white rum,36022,10,,sizes:1,kingston|kingston queen
true,kinky,KINKY BLUE,kinky blue,17687,40,KINKY (30),sizes:4,kinky|kinky party|kinky grape|kinky blackberry|kinky peach|kinky blue|kinky red|kinky green|kinky aloha|kinky ruby|kinky fruit|kinky pink|kinky orange|kinky rainbow|kinky sour|kinky strawberry|kinky pl
true,kinnard,KINNARD DRAKE STRT BBN WHSKY,kinnard drake strt bbn whsky,34052,10,,sizes:1,kinnard|kinnard drake
true,kira,KIRA KIRA KOI JAP WSK MIZUNARA,kira kira koi jap wsk,34879,10,,sizes:1,kira|kira kira
true,kiyomi,KIYOMI JAPANESE RUM,kiyomi japanese rum,101591,10,,sizes:1,kiyomi|kiyomi japanese
true,knappogue,KNAPPOGUE CASTLE HIGHPROOF 12Y,knappogue castle highproof 12y,31282,10,KNAPPOGUE CASTLE 21 YR (0),sizes:1,knappogue|knappogue castle
true,knight,KNIGHT GABRIELLO AMARETTO,knight gabriello amaretto,27243,20,KNIGHT GABRIELLO LIMONCELLO (12),sizes:2,knight|knight gabriello
true,knightfall,KNIGHTFALL BLACKBERRY,knightfall blackberry,33086,2,,sizes:1|flavors:1,knightfall|knightfall blackberry
true,knottingham,KNOTTINGHAM GIN,knottingham gin,18261,10,,sizes:1,knottingham
true,ko,KO BARE KNUCKLE HI RYE BBN CSK,ko bare knuckle hi rye,27671,10,KO DISTILLER S RESERVE BOURBON (2),sizes:1,
true,komagatake,KOMAGATAKE SNGL MLT JAPAN 2020,komagatake sngl mlt japan 2020,33110,10,,sizes:1,komagatake|komagatake sngl
true,komos,KOMOS ANEJO CRISTALINO TEQUILA,komos anejo cristalino tequila,23376,30,KOMOS REPOSADO ROSA TEQUILA (20),sizes:3,komos|komos anejo|komos reposado|komos extra|komos xo
true,koniks,KONIKS VODKA ORIGINAL,koniks vodka original,34546,10,,sizes:1,koniks
true,koo,KOO KOO CHOCOLATE LIQUEUR,koo koo chocolate liqueur,36580,10,,sizes:1,koo|koo koo
true,korbel,KORBEL,korbel,35007,50,KORBEL BLACKBERRY BRANDY (12),sizes:5,korbel|korbel pl|korbel blackberry|korbel xs
true,koskenkorva,KOSKENKORVA VODKA ORIGINAL,koskenkorva vodka original,28008,10,,sizes:1,koskenkorva
true,kota,KOTA PANDAN LIQUEUR,kota pandan liqueur,34560,10,,sizes:1,kota|kota pandan
true,kozi,KOZI VODKA,kozi vodka,31020,20,,sizes:2,kozi
true,kraken,KRAKEN BLACK SPICED RUM,kraken black spiced rum,6190,42,KRAKEN GOLD SPICED RUM (12),sizes:5|flavors:1,kraken|kraken black|kraken gold|kraken blk
true,kruna,KRUNA,kruna,10067,10,,sizes:1,kruna
true,krupnik,KRUPNIK HONEY LIQUEUR,krupnik honey liqueur,25644,2,,sizes:1|flavors:1,krupnik|krupnik honey
true,kuiper,KUIPER BELT STRAIGHT BBN WSKY,kuiper belt straight bbn wsky,30068,10,,sizes:1,kuiper|kuiper belt
true,kujira,KUJIRA OKINAWA JAPANESE WHISKY KYOJIN,kujira okinawa japanese whisky kyojin,100794,10,KUJIRA RYUKYU WHISKY 20 YR (0),sizes:1,kujira|kujira okinawa|kujira ryukyu
true,kula,KULA TOASTED COCONUT RUM,kula toasted coconut rum,23553,-6,,sizes:1|flavors:2,kula|kula toasted
true,kurvball,KURVBALL BBQ WHISKEY,kurvball bbq whiskey,26426,10,,sizes:1,kurvball|kurvball bbq
true,la,LA FRENCH VODKA,la french vodka,21992,50,LA GRITONA REPOSADO (30),sizes:5,
true,lady,LADY BLIGH SPICED RUM,lady bligh spiced rum,10339,52,LADY BLIGH COCONUT RUM (2),sizes:6|flavors:1,lady|lady bligh
true,laird,LAIRD S OLD FASHIONED,laird old fashioned,32880,10,LAIRD S OLD APPLE BRANDY (2),sizes:1,laird
true,lalo,LALO BLANCO TEQUILA,lalo blanco tequila,29468,20,LALO BLANCO TEQUILA HIGH PROOF (10),sizes:2,lalo|lalo blanco
true,land,LAND OF MUSES GIN,land of muses gin,33994,10,,sizes:1,land|land of
true,laphroaig,LAPHROAIG QUARTER CASK,laphroaig quarter cask,2744,10,LAPHROAIG SELECT (2),sizes:1,laphroaig|laphroaig 15|laphroaig select|laphroaig quarter|laphroaig ian|laphroaig 10
true,larceny,LARCENY,larceny,27717,40,LARCENY BARREL PROOF (2),sizes:4,larceny|larceny barrel|larceny sm
true,larressingle,LARRESSINGLE ARMAGNAC VSOP,larressingle armagnac vsop,29268,10,,sizes:1,larressingle|larressingle armagnac
true,larrikin,LARRIKIN BOURBON CO AMERICAN LIGHT WHISKEY,larrikin bourbon co american light,100743,10,LARRIKIN BOURBON CO SINGLE BARREL BBN (2),sizes:1,larrikin
true,late,LATE EMBERS SUNCHOKES HONEY,late embers sunchokes honey,33995,2,,sizes:1|flavors:1,late|late embers
true,lauder,LAUDER S,lauder,20497,40,,sizes:4,lauder
true,lazy,LAZY RIVER BOURBON,lazy river bourbon,30515,30,,sizes:3,lazy|lazy river
true,leblon,LEBLON,leblon,3676,10,,sizes:1,leblon
true,ledaig,LEDAIG 10 YR,ledaig 10 yr,31997,0,,sizes:1|aged,ledaig|ledaig 10
true,legacy,LEGACY,legacy,10774,20,,sizes:2,legacy|legacy pl
true,lepa,LEPA WILLIAMOVKA PEAR BRANDY,lepa williamovka pear brandy,31912,10,,sizes:1,lepa|lepa williamovka
true,leroux,LEROUX POLISH BLACKBERRY,leroux polish blackberry,26349,42,LEROUX CR DE BANANA (12),sizes:5|flavors:1,leroux|leroux peach|leroux blue|leroux triple|leroux polish|leroux melon|leroux apricot|leroux cherry|leroux premium|leroux orange|leroux cr|leroux blackberry|leroux kirschwasser|leroux anisette
true,libelula,LIBELULA JOVEN TEQUILA,libelula joven tequila,19142,30,LIBELULA ANEJO TEQUILA (10),sizes:3,libelula|libelula joven|libelula reposado|libelula anejo|libelula blanco
true,licor,LICOR 43,licor 43,90780,50,LICOR 43 CHOCOLATE (10),sizes:5,licor|licor 43
true,licor43,LICOR43 HORCHATA LIQUEUR,licor43 horchata liqueur,25805,2,,sizes:1|flavors:1,licor43|licor43 horchata
true,lighthouse,LIGHTHOUSE GIN,lighthouse gin,34399,10,,sizes:1,lighthouse
true,lim,LIM LIMONCELLO,lim limoncello,26792,2,,sizes:1|flavors:1,lim|lim limoncello
true,limoncello,LIMONCELLO DI CAPRI,limoncello di capri,28350,2,,sizes:1|flavors:1,limoncello|limoncello di
true,limoncino,LIMONCINO DELL ISOLA,limoncino dell isola,15931,2,,sizes:1|flavors:1,limoncino|limoncino dell
true,linie,LINIE AQUAVIT,linie aquavit,4813,20,,sizes:2,linie|linie aquavit
true,linkwood,LINKWOOD 37 YR,linkwood 37 yr,14551,0,,sizes:1|aged,linkwood|linkwood 37
true,lion,LION HEAD FRENCH WHISKY,lion head french whisky,24679,10,,sizes:1,lion|lion head
true,listoke,LISTOKE 1777 IRISH GIN,listoke 1777 irish gin,34170,10,,sizes:1,listoke|listoke 1777
true,locals,LOCALS ONLY VODKA,locals only vodka,27730,30,,sizes:3,locals|locals only
true,lock,LOCK STOCK BARREL 21 YR,lock stock barrel 21 yr,25590,-8,,sizes:1|flavors:1|aged,lock|lock stock
true,locuaz,LOCUAZ BLANCO,locuaz blanco,35533,10,,sizes:1,locuaz|locuaz blanco
true,lokita,LOKITA BLANCO TEQUILA,lokita blanco tequila,101588,20,LOKITA REPOSADO TEQUILA (10),sizes:2,lokita|lokita reposado|lokita blanco|lokita mezcal
true,lola,LOLA APRICOT BRANDY,lola apricot brandy,31913,2,,sizes:1|flavors:1,lola|lola apricot
true,lonehand,LONEHAND WHISKEY,lonehand whiskey,29089,30,,sizes:3,lonehand
true,long,LONG ROAD NOCINO WALNUT LIQ,long road nocino walnut liq,18887,20,LONG ROAD RASPBERRY LIQ 45 PF (12),sizes:2,long|long road
true,lord,LORD CALVERT CANADIAN,lord calvert canadian,14227,20,,sizes:2,lord|lord calvert
true,lowertown,LOWERTOWN APPLE BOURBON,lowertown apple bourbon,33545,2,,sizes:1|flavors:1,lowertown|lowertown apple
true,lozova,LOZOVA RAKIJA BRANDY 80,lozova rakija brandy 80,5075,10,LOZOVA RAKIJA BRANDY 100 (4),sizes:1,lozova|lozova rakija
true,lucina,LUCINA LIMONCELLO,lucina limoncello,19366,2,,sizes:1|flavors:1,lucina|lucina limoncello
true,luigi,LUIGI FRANCOLI FERNET,luigi francoli fernet,101614,10,,sizes:1,luigi|luigi francoli
true,luksusowa,LUKSUSOWA 80 POL,luksusowa 80 pol,87930,40,,sizes:4,luksusowa|luksusowa 80
true,lux,LUX UMBRA 6 BOTANICAL DRY,lux umbra botanical dry,34014,10,LUX ROW FOUR GRAIN DOUBLE BRL (2),sizes:1,lux|lux row|lux umbra
true,luxardo,LUXARDO MARASCHINO,luxardo maraschino,35087,20,LUXARDO ANTICO (10),sizes:2,luxardo|luxardo triplum|luxardo decaffeinated|luxardo maraschino|luxardo sour|luxardo antico|luxardo amaretto|luxardo amaro|luxardo aperitivo|luxardo apricot|luxardo bitter|luxardo cherry|luxardo del|luxardo espresso|luxardo limoncello|luxardo sambuca
true,luxus,LUXUS VODKA,luxus vodka,7750,10,,sizes:1,luxus
true,luzhou,LUZHOU LAOJIAO SANRENXUAN,luzhou laojiao sanrenxuan,25587,10,,sizes:1,luzhou|luzhou laojiao
true,lvov,LVOV IMPORTED VODKA,lvov imported vodka,27822,20,,sizes:2,lvov|lvov imported
true,lyna,LYNA VODKA,lyna vodka,27624,20,,sizes:2,lyna
true,macaulish,MACAULISH,macaulish,31841,10,,sizes:1,macaulish
true,mackinac,MACKINAC ISLAND RUM,mackinac island rum,19030,10,MACKINAC ISLAND BANANA RUM (2),sizes:1,mackinac|mackinac island
true,macklowe,MACKLOWE STRAIGHT RYE,macklowe straight rye,34455,10,,sizes:1,macklowe
true,mackmyra,MACKMYRA SVENSK EK,mackmyra svensk ek,29358,10,,sizes:1,mackmyra|mackmyra svensk
true,madame,MADAME BACKLASH DRY GIN,madame backlash dry gin,35927,10,MADAME BACKLASH BLOOD ORANGE (2),sizes:1,madame|madame backlash
true,madre,MADRE MEZCAL RED ENSAMBLE,madre mezcal red ensamble,31132,30,MADRE TEQUILA BLANCO (20),sizes:3,madre|madre mezcal
true,maen,MAEN JAPANESE WHISKY,maen japanese whisky,28333,10,,sizes:1,maen|maen japanese
true,maestro,MAESTRO DOBEL DIAMANTE,maestro dobel diamante,21808,30,MAESTRO DOBEL SILVER (20),sizes:3,maestro|maestro dobel
true,magellan,MAGELLAN GIN,magellan gin,1024,20,,sizes:2,magellan
true,magia,MAGIA PURA,magia pura,29463,10,,sizes:1,magia|magia pura
true,mahina,MAHINA PREMIUM DARK RUM,mahina premium dark rum,32551,10,,sizes:1,mahina|mahina premium
true,mahon,MAHON SPANISH GIN,mahon spanish gin,33834,10,,sizes:1,mahon|mahon spanish
true,maior,MAIOR GIN,maior gin,29051,10,,sizes:1,maior
true,makaio,MAKAIO COFFEE RUM LIQUEUR,makaio coffee rum liqueur,27306,2,,sizes:1|flavors:1,makaio|makaio coffee
true,maker,MAKER S MARK BBN,maker mark bbn,9307,60,MAKER S 46 (30),sizes:6,maker
true,makers,MAKERS MARK 46 CASK STRENGTH,makers mark 46 cask strength,22014,10,MAKERS MARK WFS LIMITED ED 24 (2),sizes:1,makers|makers mark
true,makoto,MAKOTO SINGLE GRAIN WHISKY,makoto single grain whisky,26375,10,,sizes:1,makoto|makoto single
true,malabar,MALABAR SPICED LIQUEUR,malabar spiced liqueur,34003,2,,sizes:1|flavors:1,malabar|malabar spiced
true,malfy,MALFY ORIGINALE GIN,malfy originale gin,16914,10,MALFY CON LIMONE (2),sizes:1,malfy|malfy con|malfy originale|malfy rosa
true,malibu,MALIBU COCONUT RUM,malibu coconut rum,1826,62,MALIBU PINK (40),sizes:7|flavors:1,malibu|malibu coconut|malibu mango|malibu pineapple|malibu lime|malibu strawberry|malibu watermelon|malibu passion|malibu peach|malibu pinapple|malibu pink|malibu coco|malibu black
true,malsija,MALSIJA GRAPE BRANDY,malsija grape brandy,2027,2,,sizes:1|flavors:1,malsija|malsija grape
true,manastirka,MANASTIRKA SLIVOVITZ PROKUPAC,manastirka slivovitz prokupac,34601,20,,sizes:2,manastirka|manastirka slivovitz
true,manastirska,MANASTIRSKA SLJIVA PLUM BRANDY,manastirska sljiva plum brandy,32370,10,,sizes:1,manastirska|manastirska sljiva
true,mandarine,MANDARINE NAPOLEON,mandarine napoleon,30531,10,,sizes:1,mandarine|mandarine napoleon
true,mango,MANGO SHOTTA TEQUILA,mango shotta tequila,29171,22,MANGO SHOTTA TEQUILA 10PK (2),sizes:3|flavors:1,mango|mango shotta
true,margaritaville,MARGARITAVILLE GOLD,margaritaville gold,85690,62,MARGARITAVILLE SILVER (32),sizes:7|flavors:1,margaritaville|margaritaville gold|margaritaville silver|margaritaville island|margaritaville triple
true,maria,MARIA BONITA MEZCAL ENSAMBLE,maria bonita mezcal ensamble,35887,10,,sizes:1,maria|maria bonita
true,maroff,MAROFF LIGHT VODKA,maroff light vodka,89260,10,,sizes:1,maroff|maroff light
true,mars,MARS IWAI 45 WHISKY,mars iwai 45 whisky,22991,10,,sizes:1,mars|mars iwai
true,martell,MARTELL VS,martell vs,15790,60,MARTELL BLUE SWIFT (40),sizes:6,martell|martell vsop|martell cordon|martell blue|martell vs|martell xo|martell lunar
true,martingale,MARTINGALE RARE RESERVE,martingale rare reserve,32917,2,,sizes:1|flavors:1,martingale|martingale rare
true,maru,MARU VODKA,maru vodka,100477,10,,sizes:1,maru
true,mary,MARY DOWLING WINTER WHEAT,mary dowling winter wheat,32868,10,MARY DOWLING TEQUILA BRRL FIN (2),sizes:1,mary|mary dowling
true,mash,MASH MALLOW S MORES WHISKEY,mash mallow mores whiskey,30455,10,,sizes:1,mash|mash mallow
true,massenez,MASSENEZ GOLDEN 8 PEAR LIQUEUR,massenez golden pear liqueur,34393,20,MASSENEZ LIQUEUR POMME VERTE (10),sizes:2,massenez|massenez creme|massenez golden|massenez pear
true,mata,MATA HARI ABSINTHE BOHEMIAN,mata hari absinthe bohemian,17520,10,,sizes:1,mata|mata hari
true,maui,MAUI BLUE HAWAIIAN SCHNAPPS,maui blue hawaiian schnapps,57547,20,MAUI TROPICAL SCHNAPPS (10),sizes:2,maui|maui blue|maui tropical
true,mauro,MAURO SEBASTE MOSCATO GRAPPA,mauro sebaste moscato grappa,101750,10,,sizes:1,mauro|mauro sebaste
true,mavi,MAVI APERITIVO,mavi aperitivo,35739,10,,sizes:1,mavi|mavi aperitivo
true,mc,MC CORMICK CITRUS VODKA,mc cormick citrus vodka,9146,10,MC CORMICK CHERRY VODKA (2),sizes:1,
true,mcclellands,MCCLELLANDS HIGHLAND SCOTCH,mcclellands highland scotch,90760,20,MCCLELLANDS LOWLAND SCOTCH (10),sizes:2,mcclellands|mcclellands highland|mcclellands lowland
true,mcconnell,MCCONNELL S OLD IRISH WHISKY,mcconnell old irish whisky,34716,10,,sizes:1,mcconnell
true,mccormick,MCCORMICK VODKA,mccormick vodka,60697,50,MCCORMICK GIN (40),sizes:5,mccormick|mccormick london|mccormick reserve|mccormick long|mccormick silver|mccormick triple|mccormick gold|mccormick slv|mccormick blend
true,mcmaster,MCMASTER S CANADIAN,mcmaster canadian,14447,40,,sizes:4,mcmaster
true,mcqueen,MCQUEEN AND THE VIOLET FOG,mcqueen and the violet fog,19344,20,MCQUEEN ULTRAVIOLET (10),sizes:2,mcqueen|mcqueen and|mcqueen ultraviolet
true,mctavish,MCTAVISH THE WARCHIEF,mctavish the warchief,30891,10,,sizes:1,mctavish|mctavish the
true,meili,MEILI VODKA,meili vodka,31773,10,,sizes:1,meili
true,mellow,MELLOW CORN BOTTLED IN BOND,mellow corn bottled in bond,8901,22,,sizes:3|flavors:1,mellow|mellow corn
true,melone,MELONE MELON LIQ,melone melon liq,63207,12,,sizes:2|flavors:1,melone|melone melon
true,mephisto,MEPHISTO ABSINTHE,mephisto absinthe,26807,10,,sizes:1,mephisto|mephisto absinthe
true,mercadier,MERCADIER VS,mercadier vs,30852,10,MERCADIER APPLE LIQUEUR (2),sizes:1,mercadier|mercadier apple|mercadier vs
true,mercantile,MERCANTILE VODKA,mercantile vodka,21816,20,MERCANTILE BOURBON (10),sizes:2,mercantile
true,mercer,MERCER AND PRINCE,mercer and prince,28669,10,,sizes:1,mercer|mercer and
true,merecadier,MERECADIER VSOP,merecadier vsop,30853,10,,sizes:1,merecadier|merecadier vsop
true,mesquite,MESQUITE FIRE TEQUILA COCKTAIL,mesquite fire tequila cocktail,34461,2,,sizes:1|flavors:1,mesquite|mesquite fire
true,metal,METAL BLADE VODKA,metal blade vodka,34547,10,,sizes:1,metal|metal blade
true,meukow,MEUKOW V S,meukow,99320,30,MEUKOW VANILLA (22),sizes:3,meukow|meukow vanilla|meukow 90|meukow vs|meukow xpresso|meukow vsop|meukow wild|meukow xo
true,mezcal,MEZCAL UNION UNO EL JOVEN,mezcal union uno el joven,30371,10,,sizes:1,mezcal|mezcal union
true,mg,MG MEZCAL,mg mezcal,35005,10,,sizes:1,
true,michigan,MICHIGAN HIGHLANDS VODKA,michigan highlands vodka,36057,20,,sizes:2,michigan|michigan highlands
true,michters,MICHTERS US 1 TOASTED BRRL BBN,michters us toasted brrl bbn,33116,-6,,sizes:1|flavors:2,michters|michters us
true,michu,MICHU MEZCAL,michu mezcal,100667,10,,sizes:1,michu|michu mezcal
true,mid,MID MOON CHOC BROWNIE MOONSHAK,mid moon choc brownie moonshak,29695,20,MID MOON APPLE PIE MOONSHAKE (12),sizes:2,mid|mid moon
true,midori,MIDORI MELON LIQ MEX,midori melon liq mex,64687,12,,sizes:2|flavors:1,midori|midori melon
true,mila,MILA SLIVOVITZUM PLUM BRANDY,mila slivovitzum plum brandy,31914,10,,sizes:1,mila|mila slivovitzum
true,miles,MILES LONDON DRY GIN,miles london dry gin,17450,70,,sizes:7,miles|miles london
true,milhoc,MILHOC LE PREMIER WHISKY,milhoc le premier whisky,100180,10,,sizes:1,milhoc|milhoc le
true,ming,MING RIVER SICHUAN BAIJIU,ming river sichuan baijiu,23142,2,,sizes:1|flavors:1,ming|ming river
true,minimalist,MINIMALIST SUNSET POINTE,minimalist sunset pointe,100778,10,MINIMALIST GIMLET JUNIPER MINT (2),sizes:1,minimalist|minimalist sunset|minimalist gimlet
true,minoki,MINOKI MIZUNARA RUM,minoki mizunara rum,100114,10,,sizes:1,minoki|minoki mizunara
true,minor,MINOR CASE STRAIGHT RYE,minor case straight rye,15675,10,MINOR CASE STRAIGHT RYE 6 YR (0),sizes:1,minor|minor case
true,miramar,MIRAMAR RAKIA MODERN BRANDY,miramar rakia modern brandy,32750,10,,sizes:1,miramar|miramar rakia
true,mission,MISSION CRAFT COCKTAILS COSMOPOLITAN,mission craft cocktails cosmopolitan,100095,20,MISSION CRAFT COCKTAILS MARGARITA (12),sizes:2,mission|mission craft
true,mister,MISTER SAM WHISKEY,mister sam whiskey,30345,10,,sizes:1,mister|mister sam
true,mistral,MISTRAL NOBEL PISCO,mistral nobel pisco,18706,10,,sizes:1,mistral|mistral nobel
true,misunderstood,MISUNDERSTOOD ORANGE BLOSSOM,misunderstood orange blossom,34448,12,MISUNDERSTOOD GINGER SPICED (4),sizes:2|flavors:1,misunderstood|misunderstood orange|misunderstood ginger|misunderstood oat
true,mitten,MITTEN VODKA,mitten vodka,35591,20,MITTEN VODKA CO CITRUS VODKA (10),sizes:2,mitten
true,mizu,MIZU SAGA BARLEY,mizu saga barley,32712,10,,sizes:1,mizu|mizu saga
true,mizunara,MIZUNARA RHUM BARBANCOURT CANE,mizunara rhum barbancourt cane,35241,10,,sizes:1,mizunara|mizunara rhum
true,mohawk,MOHAWK 80,mohawk 80,60727,50,MOHAWK PPRMNT SCHNAPPS 48 (42),sizes:5,mohawk|mohawk pprmnt|mohawk london|mohawk white|mohawk amaretto|mohawk apricot|mohawk blackberry|mohawk cherry|mohawk ginger|mohawk 80|mohawk 100|mohawk triple|mohawk butterscotch
true,mojave,MOJAVE HIGH DESERT DRY GIN,mojave high desert dry gin,33354,10,,sizes:1,mojave|mojave high
true,molly,MOLLY MALONE IRISH WHISKEY,molly malone irish whiskey,34867,10,MOLLY S IRISH CREAM (2),sizes:1,molly|molly malone
true,monopolowa,MONOPOLOWA POTATO VODKA,monopolowa potato vodka,880,30,,sizes:3,monopolowa|monopolowa potato
true,montebello,MONTEBELLO SCREWDRIVER,montebello screwdriver,33334,40,,sizes:4,montebello|montebello screwdriver
true,montego,MONTEGO BAY SILVER V I,montego bay silver,39927,30,MONTEGO BAY GOLD V I (20),sizes:3,montego|montego bay
true,montenegro,MONTENEGRO LOZOVA RAKIJA,montenegro lozova rakija,10039,10,,sizes:1,montenegro|montenegro lozova
true,montmartre,MONTMARTRE NAPOLEON BRANDY,montmartre napoleon brandy,27312,10,,sizes:1,montmartre|montmartre napoleon
true,montmorency,MONTMORENCY CHERRY LIQUEUR,montmorency cherry liqueur,30707,2,,sizes:1|flavors:1,montmorency|montmorency cherry
true,monymusk,MONYMUSK RUM WHITE OVERPROOF,monymusk rum white overproof,31590,10,,sizes:1,monymusk
true,moonlight,MOONLIGHT MAYHEM 2 WHT PORT,moonlight mayhem wht port,34903,10,,sizes:1,moonlight|moonlight mayhem
true,morris,MORRIS SIGNATURE SINGLE MALT,morris signature single malt,30267,10,MORRIS MUSCAT BARREL (2),sizes:1,morris|morris muscat|morris signature
true,mortlach,MORTLACH SPECIAL RELEAS CS 03,mortlach special releas cs 03,30150,10,MORTLACH 16 YR (0),sizes:1,mortlach|mortlach 16|mortlach 21|mortlach special
true,moskovskaya,MOSKOVSKAYA,moskovskaya,22724,10,,sizes:1,moskovskaya
true,mountain,MOUNTAIN PASS GLACIER CAN WSKY,mountain pass glacier can wsky,34456,10,,sizes:1,mountain|mountain pass
true,mr,MR BOSTON PEPPERMINT,mr boston peppermint,7197,52,MR BOSTON LIGHT RUM (30),sizes:6|flavors:1,
true,mt,MT GAY ECLIPSE BARB,mt gay eclipse barb,40027,30,MT BRAVE BOURBON (10),sizes:3,
true,muckety,MUCKETY MUCK SNGL GRAIN 26 YR,muckety muck sngl grain 26,26317,0,,sizes:1|aged,muckety|muckety muck
true,mulassano,MULASSANO BITTERS,mulassano bitters,33323,10,,sizes:1,mulassano|mulassano bitters
true,mullins,MULLINS IRISH CREAM LIQUEUR,mullins irish cream liqueur,17545,2,,sizes:1|flavors:1,mullins|mullins irish
true,musica,MUSICA TEQUILA BLANCO,musica tequila blanco,32013,20,MUSICA TECHNO PLATA (10),sizes:2,musica|musica techno|musica rock|musica blues
true,muskatna,MUSKATNA LOZOVA RAKIJA,muskatna lozova rakija,30708,10,,sizes:1,muskatna|muskatna lozova
true,myers,MYERS S ORIGINAL DARK JAM,myers original dark jam,17114,40,MYERS S PLATINUM (20),sizes:4,myers
true,mythology,MYTHOLOGY WHISKEY,mythology whiskey,32430,10,,sizes:1,mythology
true,naranja,NARANJA ORANGE LIQUEUR,naranja orange liqueur,22728,12,,sizes:2|flavors:1,naranja|naranja orange
true,natty,NATTY LIGHT STRWBRY LEMNADE,natty light strwbry lemnade,24776,2,,sizes:1|flavors:1,natty|natty light
true,nautical,NAUTICAL GIN,nautical gin,14735,10,,sizes:1,nautical
true,navigator,NAVIGATOR STRAIGHT BOURBON WSK,navigator straight bourbon wsk,35134,10,NAVIGATOR RESERVE PANAMA RUM (2),sizes:1,navigator|navigator reserve
true,navip,NAVIP SLIVOVITZ,navip slivovitz,29374,10,,sizes:1,navip|navip slivovitz
true,navy,NAVY ISLAND NAVY STRENGTH RUM,navy island navy strength rum,33021,10,NAVY ISLAND XO RESERVE RUM (2),sizes:1,navy|navy island
true,nc,NC NEAN ORGANIC SNGL MLT WISKY,nc nean organic sngl mlt,32321,10,,sizes:1,
true,nearest,NEAREST GREEN TENNESSEE WHISKY,nearest green tennessee whisky,33358,10,,sizes:1,nearest|nearest green
true,neeley,NEELEY WORMWOOD ABSINTHE VERTE,neeley wormwood absinthe verte,35724,20,NEELEY FAMILY DIST KY STRAIGHT BBN WSKY (10),sizes:2,neeley|neeley family|neeley single|neeley wormwood
true,neft,NEFT WHITE VODKA,neft white vodka,100161,20,NEFT BLACK VODKA (10),sizes:2,neft|neft white|neft black
true,neisson,NEISSON BLANC,neisson blanc,34667,10,,sizes:1,neisson|neisson blanc
true,new,NEW AMSTERDAM,new amsterdam,22104,70,NEW AMSTERDAM PEACH (62),sizes:7,new|new amsterdam|new holland|new riff|new england|new grove|new amster|new am|new york|new amst|new amsterdm
true,nikolai,NIKOLAI VODKA,nikolai vodka,60807,50,NIKOLAI GIN (10),sizes:5,nikolai
true,niu,NIU LAN SHAN CHEN NIANG BIAJIU,niu lan shan chen niang,25636,10,,sizes:1,niu|niu lan
true,nixta,NIXTA LICOR DE ELOTE,nixta licor de elote,25715,10,,sizes:1,nixta|nixta licor
true,no,NO 3 LONDON DRY GIN,no london dry gin,33524,30,NO 12 OUZO GR (10),sizes:3,
true,noah,NOAH S MILL BOURBON,noah mill bourbon,34700,10,,sizes:1,noah
true,nocheluna,NOCHELUNA SOTOL BLANCO,nocheluna sotol blanco,30695,10,,sizes:1,nocheluna|nocheluna sotol
true,nolet,NOLET S DRY GIN SILVER,nolet dry gin silver,14367,10,NOLET S DRY GIN RESERVE (2),sizes:1,nolet
true,nomad,NOMAD OUTLAND SHERRY WHISKY,nomad outland sherry whisky,30564,10,,sizes:1,nomad|nomad outland
true,nooku,NOOKU BOURBON CREAM,nooku bourbon cream,17371,2,,sizes:1|flavors:1,nooku
true,north,NORTH LAKES VODKA,north lakes vodka,35369,20,NORTH RIVER VODKA (10),sizes:2,north|north river|north lakes
true,northern,NORTHERN LIGHTS CANADIAN,northern lights canadian,14947,50,,sizes:5,northern|northern lights
true,northrn,NORTHRN RESERVE CANADIAN WH 8Y,northrn reserve canadian wh 8y,36171,2,,sizes:1|flavors:1,northrn|northrn reserve
true,noteworthy,NOTEWORTHY BUTTERSCOTCH BBN,noteworthy butterscotch bbn,32794,10,NOTEWORTHY CHERRY SPICED BOURBON PROFESSOR PEPPER (-6),sizes:1,noteworthy|noteworthy cherry|noteworthy butterscotch
true,noxx,NOXX DUNN STRAIGHT BRRL RUM,noxx dunn straight brrl rum,34592,2,,sizes:1|flavors:1,noxx|noxx dunn
true,nue,NUE VODKA,nue vodka,13899,50,NUE NATURALS CITRUS ZERO (10),sizes:5,nue|nue peach|nue naturals|nue grapefruit
true,numbskull,NUMBSKULL CHOCOLATE MINT WISKY,numbskull chocolate mint wisky,30219,12,,sizes:2|flavors:1,numbskull|numbskull chocolate
true,nutless,NUTLESS MONKEY SMALL BATCH KY BOURBON WHISKEY,nutless monkey small batch ky,100344,12,,sizes:2|flavors:1,nutless|nutless monkey
true,nuvo,NUVO SPARKLING LIQUEUR,nuvo sparkling liqueur,18597,10,,sizes:1,nuvo|nuvo sparkling
true,nux,NUX ALPINA WALNUT LIQUEUR,nux alpina walnut liqueur,12717,10,,sizes:1,nux|nux alpina
true,nyak,NYAK VS,nyak vs,21057,10,,sizes:1,nyak|nyak vs
true,oatrageous,OATRAGEOUS ESPRESSO OAT MILK,oatrageous espresso oat milk,34452,12,OATRAGEOUS BOURBON CREAM (2),sizes:2|flavors:1,oatrageous|oatrageous pina|oatrageous espresso|oatrageous coconut
true,oceanus,OCEANUS HIBERNICUS BLENDED MLT,oceanus hibernicus blended mlt,36172,10,,sizes:1,oceanus|oceanus hibernicus
true,ohishi,OHISHI SHERRY CASK JAPAN WHSKY,ohishi sherry cask japan whsky,29954,10,,sizes:1,ohishi|ohishi sherry
true,ojo,OJO DE TIGRE ARTESANAL MEZCAL,ojo de tigre artesanal mezcal,25716,10,,sizes:1,ojo|ojo de
true,ol,OL SANTY EGG NOG,ol santy egg nog,27577,12,,sizes:2|flavors:1,
true,old,OLD FORESTER 86,old forester 86,9607,50,OLD CROW (40),sizes:5,old|old marquis|old soul|old rick|old grand|old emmer|old louisville|old forester|old fitzgerald|old fisherman|old zach|old medley|old pulteney|old elk|old overholt|old monk|old ezra|old tub|old pepper|old colony|old malt|old stagg|old weller|old route|old settler|old huckleberry|old bardstown|old hamer|old jett|old smuggler|old hickory|old rip|old charter|old cassidy|old crow|old st|old mexico|old new
true,olmeca,OLMECA ALTOS PLATA,olmeca altos plata,9225,40,OLMECA ALTOS REPOSADO (30),sizes:4,olmeca|olmeca altos
true,om,OM CHOCOLATE LIQUEUR,om chocolate liqueur,26154,10,OM COLD BREW WITH CHOCOLAT LIQ (2),sizes:1,
true,oma,OMA S CHERRY VODKA,oma cherry vodka,16053,2,,sizes:1|flavors:1,oma
true,omage,OMAGE XO AMERICAN BRANDY,omage xo american brandy,31515,10,,sizes:1,omage|omage xo
true,on,ON THE ROCKS THE OLD FASHIONED,on the rocks the old,26135,40,ON THE ROCKS MARGARITA (32),sizes:4,
true,one,ONE VODKA FRENCH,one vodka french,31854,10,,sizes:1,one
true,opulent,OPULENT VODKA,opulent vodka,27346,20,,sizes:2,opulent
true,orange,ORANGE TIGER ORANGE LIQUEUR,orange tiger orange liqueur,34642,2,,sizes:1|flavors:1,orange|orange tiger
true,orig,ORIG BARTNDRS BANANAS OVER YOU,orig bartndrs bananas over you,85180,2,,sizes:1|flavors:1,orig|orig bartndrs
true,originel,ORIGINEL CALVADOS PAYS D AUGE,originel calvados pays auge,29792,10,,sizes:1,originel|originel calvados
true,oski,OSKI GIN,oski gin,36708,10,,sizes:1,oski
true,outerspace,OUTERSPACE,outerspace,13105,20,,sizes:2,outerspace
true,oyo,OYO STONE FRUIT VODKA,oyo stone fruit vodka,34022,10,OYO HONEY VANILLA BEAN VODKA (-6),sizes:1,oyo|oyo honey|oyo stone
true,oyster,OYSTER FINE DE CLAIRE ADRIATIC GIN,oyster fine de claire adriatic,53732,10,,sizes:1,oyster|oyster fine
true,paczki,PACZKI DAY,paczki day,21528,10,,sizes:1,paczki|paczki day
true,paddleford,PADDLEFORD CREEK PECAN PRALINE,paddleford creek pecan praline,30641,10,,sizes:1,paddleford|paddleford creek
true,paddy,PADDY OLD IRISH WHISKEY,paddy old irish whiskey,9466,30,,sizes:3,paddy|paddy old
true,padrecito,PADRECITO ORGANIC BLANCO,padrecito organic blanco,26540,20,PADRECITO ORGANIC REPOSADO (10),sizes:2,padrecito|padrecito organic
true,painted,PAINTED DONKEY BLANCO,painted donkey blanco,27628,20,PAINTED DONKEY REPOSADO (10),sizes:2,painted|painted donkey
true,paisano,PAISANO CAFETERO ORIGINAL,paisano cafetero original,53811,10,PAISANO CAFETERO ESPRESSO MARTINI (2),sizes:1,paisano|paisano cafetero
true,pallini,PALLINI LIMONCELLO,pallini limoncello,15991,32,PALLINI RASPICELLO (10),sizes:4|flavors:1,pallini|pallini limoncello|pallini peachcello|pallini raspicello
true,palomo,PALOMO ESPADIN MEZCAL,palomo espadin mezcal,31552,20,PALOMO MOLE (10),sizes:2,palomo|palomo espadin|palomo cacao|palomo coffee|palomo mole
true,pama,PAMA POMEGRANATE,pama pomegranate,3253,20,,sizes:2,pama|pama pomegranate
true,pampero,PAMPERO ANIVERSARIO,pampero aniversario,100988,10,,sizes:1,pampero|pampero aniversario
true,pancho,PANCHO VILLA GLD TEQ SPECIALIT,pancho villa gld teq specialit,36620,20,PANCHO VILLA SLV TEQ SPECIA (10),sizes:2,pancho|pancho villa
true,paniolo,PANIOLO BLENDED WHISKEY,paniolo blended whiskey,32552,10,,sizes:1,paniolo
true,papa,PAPA S PILAR BLONDE RUM,papa pilar blonde rum,10357,20,PAPA S PILAR DARK RUM (10),sizes:2,papa
true,papalin,PAPALIN JAMAICA HIGH ESTER RUM,papalin jamaica high ester rum,33711,10,PAPALIN JAMAICA 7 YR (0),sizes:1,papalin|papalin pot|papalin jamaica
true,paquera,PAQUERA MEZCAL ESPADIN,paquera mezcal espadin,23097,10,,sizes:1,paquera|paquera mezcal
true,park,PARK COGNAC CARTE BLANCHE VS,park cognac carte blanche vs,33915,10,,sizes:1,park
true,parker,PARKER S HERITAGE COLL CS 19ED,parker heritage coll cs 19ed,35914,10,,sizes:1,parker
true,parkers,PARKERS HERITAGE COLL BF 18ED,parkers heritage coll bf 18ed,32874,10,,sizes:1,parkers|parkers heritage
true,parley,PARLEY SPICED RUM,parley spiced rum,35424,2,PARLEY CINNAMON SPICED RUM (-6),sizes:1|flavors:1,parley|parley cinnamon|parley spiced
true,parnasse,PARNASSE ABSINTH SUPERIORE,parnasse absinth superiore,27352,10,,sizes:1,parnasse|parnasse absinth
true,parrot,PARROT BAY COCONUT RUM,parrot bay coconut rum,24395,52,PARROT BAY PINEAPPLE RUM (22),sizes:6|flavors:1,parrot|parrot bay
true,partida,PARTIDA BLANCO,partida blanco,14085,20,PARTIDA ANEJO (10),sizes:2,partida|partida blanco|partida elegante|partida reposado|partida roble|partida anejo|partida cristalino
true,passoa,PASSOA PASSION FRUIT LIQUEUR,passoa passion fruit liqueur,90000,30,,sizes:3,passoa|passoa passion
true,patron,PATRON SILVER,patron silver,84510,70,PATRON ANEJO (60),sizes:7,patron|patron 100|patron silver|patron anejo|patron extra|patron reposado|patron el|patron ahumado|patron xo|patron citronge|patron repos
true,pau,PAU MAUI VODKA,pau maui vodka,13030,10,,sizes:1,pau|pau maui
true,paul,PAUL MASSON GRANDE AMBER VS,paul masson grande amber vs,1583,70,PAUL MASSON XO BRANDY (50),sizes:7,paul|paul masson|paul john
true,pawpaw,PAWPAW SIZEMORE SALTED CARAMEL,pawpaw sizemore salted caramel,35481,-6,,sizes:1|flavors:2,pawpaw|pawpaw sizemore
true,pb,PB W FLAVORED WHISKEY,pb flavored whiskey,33028,10,,sizes:1,
true,peanut,PEANUT BUTTER CUP WHISKEY,peanut butter cup whiskey,27788,10,,sizes:1,peanut|peanut butter
true,pearl,PEARL,pearl,92266,40,PEARL CUCUMBER (30),sizes:4,pearl|pearl vanilla|pearl cucumber|pearl lemon|pearl pomegranate|pearl blueberry|pearl plum|pearl pl|pearl raspberry|pearl peach|pearl orange|pearl cherry|pearl grape
true,pedro,PEDRO SANTEZ SUPREMO GOLD TEQ,pedro santez supremo gold teq,31200,10,,sizes:1,pedro|pedro santez
true,peligroso,PELIGROSO SILVER TEQUILA,peligroso silver tequila,35986,30,PELIGROSO REPOSADO TEQUILA (20),sizes:3,peligroso|peligroso spicy|peligroso silver|peligroso reposado
true,peloton,PELOTON DE LA MUERTE,peloton de la muerte,17366,20,,sizes:2,peloton|peloton de
true,pendleton,PENDLETON,pendleton,8178,40,PENDLETON 1910 (10),sizes:4,pendleton|pendleton directors|pendleton military|pendleton 1910|pendleton midnight
true,penelope,PENELOPE FOUR GRAIN STRAIT BBN,penelope four grain strait bbn,30137,20,PENELOPE RIO (10),sizes:2,penelope|penelope american|penelope architects|penelope barrel|penelope estate|penelope project|penelope toasted|penelope madagascar|penelope riviera|penelope cigar|penelope architect|penelope four|penelope rose|penelope tokaji|penelope rio|penelope valencia|penelope havana|penelope wheated|penelope amer|penelope peach|penelope blk|penelope celebration|penelope est|penelope apple|penelope pro|penelope projct|penelope tstd|penelope proj
true,perma,PERMA FROST,perma frost,24044,10,,sizes:1,perma|perma frost
true,pescador,PESCADOR DE SUENOS CUISHE,pescador de suenos cuishe,29959,10,,sizes:1,pescador|pescador de
true,peter,PETER S BLENDED SCOTCH WHISKY,peter blended scotch whisky,36818,10,,sizes:1,peter
true,petri,PETRI 5 STAR,petri star,93606,20,,sizes:2,petri
true,peychaud,PEYCHAUD S APERITIVO,peychaud aperitivo,14601,10,,sizes:1,peychaud
true,phillips,PHILLIPS VODKA,phillips vodka,16135,20,PHILLIPS LONG ISLAND ICED TEA (12),sizes:2,phillips|phillips root|phillips sno|phillips long
true,phoenix,PHOENIX VODKA,phoenix vodka,36581,10,,sizes:1,phoenix
true,piggyback,PIGGYBACK SB BOURBON BARSTOOL,piggyback sb bourbon barstool,30471,10,,sizes:1,piggyback|piggyback sb
true,pike,PIKE CREEK 10 YR,pike creek 10 yr,15646,0,,sizes:1|aged,pike|pike creek
true,pikesville,PIKESVILLE RYE WHISKEY,pikesville rye whiskey,12881,10,,sizes:1,pikesville|pikesville rye
true,pimm,PIMM S CUP 1,pimm cup,96370,10,,sizes:1,pimm
true,pink,PINK MYSTERY REPOSADO TEQUILA,pink mystery reposado tequila,32325,10,,sizes:1,pink|pink mystery
true,pinnacle,PINNACLE,pinnacle,1536,50,PINNACLE WHIPPED (30),sizes:5,pinnacle|pinnacle red|pinnacle flask|pinnacle pl|pinnacle whipped|pinnacle vanilla|pinnacle citrus|pinnacle cake|pinnacle pumpkin|pinnacle raspberry|pinnacle strawberry|pinnacle cherry|pinnacle orange|pinnacle grape|pinnacle blueberry|pinnacle tropical|pinnacle pineapple|pinnacle peach
true,pisa,PISA,pisa,9288,10,,sizes:1,pisa
true,pitch,PITCH BLACK BOURBON,pitch black bourbon,32239,10,,sizes:1,pitch|pitch black
true,pittyvaich,PITTYVAICH 1922 30YR,pittyvaich 1922 30yr,30922,0,,sizes:1|aged,pittyvaich|pittyvaich 1922
true,platinum,PLATINUM 7X,platinum 7x,3797,70,PLATINUM 10X (30),sizes:7,platinum|platinum 7x|platinum 10x
true,play,PLAY LIKE A CHAMPION TODAY BBN,play like champion today bbn,33188,10,PLAY LIKE A CHAMPION TODAY BBN 8 YR (0),sizes:1,play|play like
true,ploughmans,PLOUGHMANS SM CANADIAN WHISKY,ploughmans sm canadian whisky,36493,10,,sizes:1,ploughmans|ploughmans sm
true,plymouth,PLYMOUTH GIN,plymouth gin,589,30,PLYMOUTH SLOE GIN (10),sizes:3,plymouth|plymouth honey|plymouth sloe
true,point,POINT RIDER BOURBON WHISKEY,point rider bourbon whiskey,19451,10,POINT RIDER APPLE BOURBON (2),sizes:1,point|point rider
true,pollinator,POLLINATOR CONSERV TEXAS SOTOL,pollinator conserv texas sotol,31128,10,,sizes:1,pollinator|pollinator conserv
true,popov,POPOV 80,popov 80,60907,60,POPOV 100 (14),sizes:6,popov|popov 80|popov 100
true,powers,POWERS GOLD IRISH WHISKEY,powers gold irish whiskey,24391,20,POWERS IRISH (10),sizes:2,powers|powers john|powers three|powers gold|powers irish
true,prado,PRADO PASTIS DE MARSEILLE,prado pastis de marseille,34651,10,,sizes:1,prado|prado pastis
true,praline,PRALINE LIQ,praline liq,93950,10,,sizes:1,praline|praline liq
true,prepecenica,PREPECENICA,prepecenica,1693,10,,sizes:1,prepecenica
true,presidente,PRESIDENTE BRANDY MEX,presidente brandy mex,6817,20,PRESIDENTE (-990),sizes:2,presidente
true,pride,PRIDE OF ANDERSON COUNTY BBN,pride of anderson county bbn,101277,10,,sizes:1,pride|pride of
true,primo,PRIMO QUERIDO BLANCO TEQUILA,primo querido blanco tequila,100171,10,,sizes:1,primo|primo querido
true,primrose,PRIMROSE GIN,primrose gin,19686,10,,sizes:1,primrose
true,principe,PRINCIPE DE LOS APOSTOLES GIN,principe de los apostoles gin,34264,10,,sizes:1,principe|principe de
true,proclamation,PROCLAMATION IRISH WHISKEY,proclamation irish whiskey,23377,10,,sizes:1,proclamation|proclamation irish
true,profidio,PROFIDIO EXTRA ANEJO ORIGINAL,profidio extra anejo original,33804,10,,sizes:1,profidio|profidio extra
true,proper,PROPER NO TWELVE,proper no twelve,18606,50,PROPER NO TWELVE IRISH APPLE (12),sizes:5,proper|proper no
true,providence,PROVIDENCE BLANC DUNDR SYRUP,providence blanc dundr syrup,34589,10,,sizes:1,providence|providence blanc
true,pug,PUG DOG SPICED RUM,pug dog spiced rum,36180,2,,sizes:1|flavors:1,pug|pug dog
true,punch,PUNCH CLUB COSMOPOLITAN,punch club cosmopolitan,100924,2,PUNCH CLUB MAI TAI (-6),sizes:1|flavors:1,punch|punch club
true,punzone,PUNZONE ORGANIC ITALIAN VODKA,punzone organic italian vodka,33292,10,,sizes:1,punzone|punzone organic
true,purkhart,PURKHART PEAR WILLIAM EAUDEVIE,purkhart pear william eaudevie,10829,10,,sizes:1,purkhart|purkhart pear
true,pusser,PUSSER S BRITISH NAVY RUM,pusser british navy rum,7422,20,PUSSER S GUNPOWDER PROOF RUM (10),sizes:2,pusser
true,pyrat,PYRAT XO RESERVE,pyrat xo reserve,2916,2,,sizes:1|flavors:1,pyrat|pyrat xo
true,quality,QUALITY HOUSE VODKA,quality house vodka,60577,50,QUALITY HOUSE GOLD RUM (40),sizes:5,quality|quality house
true,quri,QURI QUINOA PERUVIAN VODKA,quri quinoa peruvian vodka,34549,10,,sizes:1,quri|quri quinoa
true,raffelli,RAFFELLI AMARETTO,raffelli amaretto,36025,10,,sizes:1,raffelli|raffelli amaretto
true,rain,RAIN VODKA,rain vodka,89846,50,RAIN CUCUMBER VODKA (10),sizes:5,rain|rain pineapple|rain peach|rain green|rain raspberry|rain lemon|rain organics|rain cucumber|rain mango
true,rainmaker,RAINMAKER,rainmaker,20582,10,RAINMAKER COFFEE BOURBON (2),sizes:1,rainmaker|rainmaker coffee
true,ram,RAM S POINT PEANUT BUTTER,ram point peanut butter,21643,40,,sizes:4,ram
true,ramazotti,RAMAZOTTI APERITIVO ROSATO,ramazotti aperitivo rosato,21451,20,,sizes:2,ramazotti|ramazotti aperitivo
true,ramazzotti,RAMAZZOTTI SAMBUCA,ramazzotti sambuca,26005,20,RAMAZZOTTI AMARO (10),sizes:2,ramazzotti|ramazzotti sambuca|ramazzotti amaro
true,rat,RAT KING VODKA,rat king vodka,30771,10,,sizes:1,rat|rat king
true,raynal,RAYNAL NAPOLEON V S O P FR,raynal napoleon fr,36857,20,,sizes:2,raynal|raynal napoleon
true,rd,RD ONE SB AMBURANA FINISHED,rd one sb amburana finished,29299,20,RD ONE SB OAK MAPLE FINISHED (10),sizes:2,
true,rdr,RDR NEELEY SWEET THUMPED RYE W,rdr neeley sweet thumped rye,35482,10,,sizes:1,rdr|rdr neeley
true,real,REAL DEL VALLE BLANCO,real del valle blanco,34574,40,REAL DEL VALLE REPOSADO (20),sizes:4,real|real del|real 1688
true,rebel,REBEL 100 KENTUCKY ST BBN,rebel 100 kentucky st bbn,20493,34,REBEL ROOT BEER WHISKEY (12),sizes:4|proof-line,rebel|rebel 100|rebel root|rebel 10|rebel distiller|rebel cask|rebel full|rebel stave|rebel sngl|rebel bottled|rebel small|rebel butter
true,red,RED STAG BY JIM BEAM,red stag by jim beam,12371,60,RED DOOR HIGHLAND GIN (10),sizes:6,red|red stag|red eye|red spot|red cedar|red door
true,redneck,REDNECK RIVIERA WHISKEY,redneck riviera whiskey,17541,40,REDNECK RIVIERA GRANNY RICH (20),sizes:4,redneck|redneck riviera|redneck rivieria
true,relska,RELSKA,relska,60947,40,,sizes:4,relska
true,remington,REMINGTON RESERVE OSB BBN,remington reserve osb bbn,36444,2,,sizes:1|flavors:1,remington|remington reserve
true,revivalist,REVIVALIST GARDEN GIN,revivalist garden gin,31924,10,,sizes:1,revivalist|revivalist garden
true,reyka,REYKA,reyka,3320,40,,sizes:4,reyka
true,ricard,RICARD ANISE LIQ FR,ricard anise liq fr,95686,10,,sizes:1,ricard|ricard anise
true,rich,RICH RARE,rich rare,14307,70,RICH RARE RESERVE (32),sizes:7,rich|rich rare
true,ricura,RICURA CHOC PEPPERMINT CREAM,ricura choc peppermint cream,30482,-6,,sizes:1|flavors:2,ricura|ricura choc
true,rihei,RIHEI GINGER SHOCHU,rihei ginger shochu,29934,2,,sizes:1|flavors:1,rihei|rihei ginger
true,rikaloff,RIKALOFF VODKA,rikaloff vodka,90630,20,,sizes:2,rikaloff
true,rio,RIO GRANDE GOLD TEQ SPECIAL,rio grande gold teq special,36624,20,RIO GRANDE TRIPLE SEC (10),sizes:2,rio|rio grande
true,rittenhouse,RITTENHOUSE RYE,rittenhouse rye,9416,20,RITTENHOUSE RYE SNGL BRRL BIB (2),sizes:2,rittenhouse|rittenhouse rye
true,ritual,RITUAL SISTER SMOKED PINEAPPLE,ritual sister smoked pineapple,33996,2,,sizes:1|flavors:1,ritual|ritual sister
true,rival,RIVAL LIGHT VANILLA VODKA,rival light vanilla vodka,22289,2,,sizes:1|flavors:1,rival|rival light
true,rivers,RIVERS ROYAL GRENADIAN ANTOINE,rivers royal grenadian antoine,34301,10,,sizes:1,rivers|rivers royal
true,rives,RIVES 1880 GIN,rives 1880 gin,32964,10,,sizes:1,rives|rives 1880
true,riviera,RIVIERA FLAMINGO,riviera flamingo,33997,10,,sizes:1,riviera|riviera flamingo
true,road,ROAD REAPER,road reaper,100834,10,,sizes:1,road|road reaper
true,roaming,ROAMING MAN WHISKEY,roaming man whiskey,36534,10,,sizes:1,roaming|roaming man
true,roasters,ROASTERS DAUGHTER ESPRESSO MAR,roasters daughter espresso mar,31001,2,,sizes:1|flavors:1,roasters|roasters daughter
true,robert,ROBERT S NO 1 AMERICAN DRY GIN,robert no american dry gin,101622,10,,sizes:1,robert
true,roberto,ROBERTO CAVALLI VODKA,roberto cavalli vodka,26828,30,ROBERTO CAVALLI (10),sizes:3,roberto|roberto cavalli
true,roe,ROE CO IRISH WHISKEY,roe co irish whiskey,27801,10,,sizes:1,roe|roe co
true,roku,ROKU GIN,roku gin,19459,10,ROKU GIN MINORI SELECT (2),sizes:1,roku
true,rolling,ROLLING STANDARD FOUR GRAIN,rolling standard four grain,32334,10,,sizes:1,rolling|rolling standard
true,romana,ROMANA SAMBUCA IT,romana sambuca it,64807,40,ROMANA BLACK LIQ IT (10),sizes:4,romana|romana amaro|romana black|romana sambuca
true,romate,ROMATE BRANDY DE JEREZ SOL RSV,romate brandy de jerez sol,36789,10,,sizes:1,romate
true,romios,ROMIOS GREEK PREMIUM OUZO,romios greek premium ouzo,31361,10,,sizes:1,romios|romios greek
true,ronald,RONALD ISLEY LIQUID GOLD XO,ronald isley liquid gold xo,30073,10,,sizes:1,ronald|ronald isley
true,ronrico,RONRICO SILVER,ronrico silver,41257,30,RONRICO GOLD (20),sizes:3,ronrico|ronrico silver|ronrico gold
true,rosebank,ROSEBANK LOWLAND SM SCOTCH 32Y,rosebank lowland sm scotch 32y,34981,10,ROSEBANK 31 YR (0),sizes:1,rosebank|rosebank 31|rosebank lowland
true,rossi,ROSSI D ASIAGO LIMONCELLO,rossi asiago limoncello,28625,2,,sizes:1|flavors:1,rossi
true,rossville,ROSSVILLE UNION SNGL BRL CASK,rossville union sngl brl cask,26064,2,ROSSVILLE UNION BARREL PF 7 YR (-8),sizes:1|flavors:1,rossville|rossville union
true,rota,ROTA 48 SILVER,rota 48 silver,28094,20,ROTA 48 GOLD (10),sizes:2,rota|rota 48
true,rowan,ROWAN S CREEK KY STRAIGHT BBN,rowan creek ky straight bbn,34704,10,,sizes:1,rowan
true,royal,ROYAL CANADIAN,royal canadian,14727,70,ROYAL CHALLENGE (10),sizes:7,royal|royal canadian|royal salute|royal challenge|royal rhino|royal combier|royal tiger
true,royale,ROYALE ORANGE,royale orange,27365,12,ROYALE MONTAINE ORANGE LIQUEUR (2),sizes:2|flavors:1,royale|royale montaine|royale orange
true,rubin,RUBIN LOZA,rubin loza,30709,10,,sizes:1,rubin|rubin loza
true,rum,RUM FIRE,rum fire,17677,2,,sizes:1|flavors:1,rum|rum fire
true,rumchata,RUMCHATA,rumchata,25856,60,RUMCHATA COCONUT (12),sizes:6,rumchata|rumchata peppermint|rumchata pl|rumchata 3pk|rumchata coconut|rumchata pumpkin|rumchata pineapple
true,rumhaven,RUMHAVEN COCONUT,rumhaven coconut,17993,32,,sizes:4|flavors:1,rumhaven|rumhaven coconut
true,rumple,RUMPLE MINZE CINNAMINT WHISKEY,rumple minze cinnamint whiskey,53836,32,RUMPLE MINZE PPRMNT GER (22),sizes:4|flavors:1,rumple|rumple minze
true,rupert,RUPERT S EXCEPTIONAL CAN WHSKY,rupert exceptional can whsky,34192,10,,sizes:1,rupert
true,rust,RUST BELT STRAIGHT BOURBON,rust belt straight bourbon,35743,10,RUST BELT BOTTLED IN BOND (2),sizes:1,rust|rust belt
true,rutte,RUTTE DUTCH DRY BOTANICAL GIN,rutte dutch dry botanical gin,34102,10,,sizes:1,rutte|rutte dutch
true,ryan,RYAN S CREAM,ryan cream,46307,42,RYAN S S MORES (20),sizes:5|flavors:1,ryan
true,ryder,RYDER CUP 2025 CHERRY LIMEADE,ryder cup 2025 cherry limeade,33523,4,,sizes:2|flavors:2,ryder|ryder cup
true,sable,SABLE BOURBON WHISKEY,sable bourbon whiskey,32535,10,,sizes:1,sable
true,sabroso,SABROSO COFFEE LIQ MEX,sabroso coffee liq mex,48707,22,,sizes:3|flavors:1,sabroso|sabroso coffee
true,sadashi,SADASHI MIZUNARA OAK FINISH,sadashi mizunara oak finish,26839,10,,sizes:1,sadashi|sadashi mizunara
true,saero,SAERO ZERO SUGAR,saero zero sugar,31970,10,,sizes:1,saero|saero zero
true,sailor,SAILOR JERRY SPICED NAVY,sailor jerry spiced navy,4432,52,SAILOR JERRY SPICED (-998),sizes:6|flavors:1,sailor|sailor jerry
true,saint,SAINT GROVE ELDERFLOWER LIQ,saint grove elderflower liq,100585,20,SAINT JAMES VO RUM (10),sizes:2,saint|saint grove|saint james
true,salers,SALERS GENTIAN APERITIF,salers gentian aperitif,12718,10,,sizes:1,salers|salers gentian
true,salignac,SALIGNAC V S,salignac,37527,30,,sizes:3,salignac
true,salt,SALT ROAD MEDITERRANEAN GIN,salt road mediterranean gin,32064,10,SALT ROAD BLOOD ORANGE GIN (2),sizes:1,salt|salt road
true,saltwater,SALTWATER WOODY ORIGINAL RUM,saltwater woody original rum,34897,20,SALTWATER WOODY GRAPEFRUIT (12),sizes:2,saltwater|saltwater woody
true,salvador,SALVADOR S ORIGINAL MARGARI,salvador original margari,4473,10,SALVADOR S PREMIUM MARGARITA (2),sizes:1,salvador
true,sam,SAM HOUSTON SMALL BATCH BBN,sam houston small batch bbn,36554,2,,sizes:1|flavors:1,sam|sam houston
true,samballa,SAMBALLA SAMBUCA,samballa sambuca,86736,10,,sizes:1,samballa|samballa sambuca
true,san,SAN GUIDO GRAPPA DE SASSICAIA,san guido grappa de sassicaia,31985,10,SAN MATIAS ANEJO ANNIV 135 YR (0),sizes:1,san|san matias|san guido
true,sandy,SANDY CAY COCONUT RUM,sandy cay coconut rum,23179,2,,sizes:1|flavors:1,sandy|sandy cay
true,santoni,SANTONI APERITIVO,santoni aperitivo,33425,10,,sizes:1,santoni|santoni aperitivo
true,sapling,SAPLING MAPLE LIQUEUR,sapling maple liqueur,36432,10,,sizes:1,sapling|sapling maple
true,sari,SARI ZEYBEK ORIGINAL,sari zeybek original,31915,10,,sizes:1,sari|sari zeybek
true,sarti,SARTI ROSA,sarti rosa,101608,10,,sizes:1,sarti|sarti rosa
true,satsuma,SATSUMA MURA,satsuma mura,33073,10,,sizes:1,satsuma|satsuma mura
true,sauza,SAUZA EXTRA GOLD,sauza extra gold,98480,40,SAUZA BLUE BLANCO (30),sizes:4,sauza|sauza hacienda|sauza extra|sauza blue|sauza cien|sauza silver|sauza conmemorativo
true,sazerac,SAZERAC RYE,sazerac rye,35024,20,SAZERAC RYE 100PF (10),sizes:2,sazerac|sazerac rye|sazerac de
true,schwartzhog,SCHWARTZHOG KRAUTER LIQ,schwartzhog krauter liq,32509,10,,sizes:1,schwartzhog|schwartzhog krauter
true,scoresby,SCORESBY RARE,scoresby rare,23127,20,,sizes:2,scoresby|scoresby rare
true,screech,SCREECH RUM,screech rum,2600,10,,sizes:1,screech
true,se,SE BUSCA JOVEN,se busca joven,17779,10,,sizes:1,
true,sea,SEA VODKA,sea vodka,12713,10,,sizes:1,sea
true,seagrams,SEAGRAMS BLENDERS PRIDE WHISKY,seagrams blenders pride whisky,36819,10,,sizes:1,seagrams|seagrams blenders
true,see,SEE THE ELEPHANT AMARO DI RUCO,see the elephant amaro di,30529,10,,sizes:1,see|see the
true,select,SELECT APERITIVO,select aperitivo,19999,22,SELECT CLUB PECAN PRALINE (2),sizes:3|flavors:1,select|select club|select aperitivo|select pecan
true,selvarey,SELVAREY WHITE RUM,selvarey white rum,22486,10,,sizes:1,selvarey|selvarey white
true,senora,SENORA LEONA TEQUILA BLANCO,senora leona tequila blanco,101475,30,,sizes:3,senora|senora leona
true,sensei,SENSEI JAPANESE WHISKEY,sensei japanese whiskey,19017,10,,sizes:1,sensei|sensei japanese
true,seven,SEVEN VODKA,seven vodka,100785,20,SEVEN SONS STRAIGHT RYE (10),sizes:2,seven|seven sons
true,severo,SEVERO SINGLE BARREL REPOSADO,severo single barrel reposado,29332,2,,sizes:1|flavors:1,severo|severo single
true,sevez,SEVEZ HONEY LAVENDER LIQUEUR,sevez honey lavender liqueur,36086,2,,sizes:1|flavors:1,sevez|sevez honey
true,shakara,SHAKARA 12 YR,shakara 12 yr,33324,0,,sizes:1|aged,shakara|shakara 12
true,shanky,SHANKY S WHIP BLACK SPIRITS,shanky whip black spirits,24895,60,SHANKY S WHIP GOLD OSTRCH LBEL (10),sizes:6,shanky
true,sheep,SHEEP DOG PEANUT BUTTER,sheep dog peanut butter,21646,50,SHEEP DOG PEANUT BUTTER JELLY (20),sizes:5,sheep|sheep dog
true,shenk,SHENK S SOUR MASH WHISKEY,shenk sour mash whiskey,26544,10,,sizes:1,shenk
true,shepherd,SHEPHERD S P NUTTY WHISKEY,shepherd nutty whiskey,27579,10,,sizes:1,shepherd
true,shieldaig,SHIELDAIG THE CLASSIC BLENDED,shieldaig the classic blended,29146,20,SHIELDAIG SPEYSIDE SM 12Y (10),sizes:2,shieldaig|shieldaig the|shieldaig oloroso|shieldaig highland|shieldaig islay|shieldaig speyside|shieldaig speysde
true,shimauta,SHIMAUTA RYUKYU WHISKY 10 YR,shimauta ryukyu whisky 10 yr,26614,0,,sizes:1|aged,shimauta|shimauta ryukyu
true,shiphouse,SHIPHOUSE VODKA,shiphouse vodka,31236,10,,sizes:1,shiphouse
true,sidecar,SIDECAR VODKA,sidecar vodka,33593,10,,sizes:1,sidecar
true,siegburg,SIEGBURG APFEL,siegburg apfel,27366,10,,sizes:1,siegburg|siegburg apfel
true,signal,SIGNAL HILL,signal hill,32866,10,SIGNAL HILL FOUNDERS SELECT OP (2),sizes:1,signal|signal hill
true,signatory,SIGNATORY UCF GLENLIVET 2007,signatory ucf glenlivet 2007,28353,10,SIGNATORY VINTAGE MILTONDUFF 100 PF 13 YR (-6),sizes:1,signatory|signatory vintage|signatory ucf
true,signature,SIGNATURE RARE SPIRIT WHISKY,signature rare spirit whisky,17992,10,,sizes:1,signature|signature rare
true,silent,SILENT POOL GIN,silent pool gin,31736,10,,sizes:1,silent|silent pool
true,silkie,SILKIE THE MIDNIGHT,silkie the midnight,32354,10,,sizes:1,silkie|silkie the
true,silks,SILKS IRISH DRY GIN,silks irish dry gin,26029,10,SILKS IRISH DRY (-990),sizes:1,silks|silks irish
true,sin,SIN ULTRA PREMIUM VODKA,sin ultra premium vodka,32753,30,SIN RIVAL ANEJO TEQUILA (10),sizes:3,sin|sin ultra|sin rival
true,singani,SINGANI 63,singani 63,21684,10,,sizes:1,singani|singani 63
true,sipsmith,SIPSMITH LONDON DRY GIN,sipsmith london dry gin,13702,10,,sizes:1,sipsmith|sipsmith london
true,six,SIX ISLES VOYAGER BLENDED MALT,six isles voyager blended malt,30743,10,SIX ISLES BATCH STRENGTH BLEND (2),sizes:1,six|six isles
true,skatterbrain,SKATTERBRAIN PEANUT BUTTER WSK,skatterbrain peanut butter wsk,29220,20,SKATTERBRAIN CHOCO BANANA (12),sizes:2,skatterbrain|skatterbrain cherry|skatterbrain choco|skatterbrain pb|skatterbrain peanut|skatterbrain cookie|skatterbrain croco|skatterbrain vanilla|skatterbrain cdt|skatterbrain churro|skatterbrain hot
true,skinnygirl,SKINNYGIRL MARGARITA,skinnygirl margarita,6436,2,,sizes:1|flavors:1,skinnygirl|skinnygirl margarita
true,skol,SKOL VODKA,skol vodka,61017,20,,sizes:2,skol
true,skrapar,SKRAPAR RAKI RRUSHI GRAPE 94PF,skrapar raki rrushi grape 94pf,36637,2,,sizes:1|flavors:1,skrapar|skrapar raki
true,skrapari,SKRAPARI GRAPE BRANDY,skrapari grape brandy,1890,2,,sizes:1|flavors:1,skrapari|skrapari grape
true,skrewball,SKREWBALL PEANUT BUTTER WHISKY,skrewball peanut butter whisky,26243,70,SKREWBALL PEANUT BUTTER 8PK (10),sizes:7,skrewball|skrewball peanut|skrewball eggnog|skrewball pb
true,skyy,SKYY VODKA,skyy vodka,61067,60,SKYY INFUSION CITRUS (30),sizes:6,skyy|skyy infusion|skyy watermelon|skyy infusions|skyy martinis
true,slane,SLANE IRISH WHISKEY,slane irish whiskey,17702,30,,sizes:3,slane|slane irish
true,slightly,SLIGHTLY LOST BRRL RESTED GIN,slightly lost brrl rested gin,22547,2,,sizes:1|flavors:1,slightly|slightly lost
true,slow,SLOW LOW MAPLE OLD FASHIONED,slow low maple old fashioned,53775,30,SLOW LOW CHERRY OLD FASHIONED (22),sizes:3,slow|slow low
true,smirnoff,SMIRNOFF 80,smirnoff 80,61097,70,SMIRNOFF 100 (54),sizes:7,smirnoff|smirnoff 100|smirnoff 80|smirnoff sours|smirnoff peppermint|smirnoff red|smirnoff watermelon|smirnoff spicy|smirnoff pink|smirnoff peach|smirnoff blue|smirnoff cherry|smirnoff citrus|smirnoff green|smirnoff orange|smirnoff raspberry|smirnoff strawberry|smirnoff vanilla|smirnoff lime|smirnoff variety|smirnoff electric|smirnoff blueberry|smirnoff grape|smirnoff 90|smirnoff pineapple|smirnoff root|smirnoff whipped|smirnoff kissed
true,smith,SMITH CROSS,smith cross,9140,10,,sizes:1,smith|smith cross
true,smoky,SMOKY SCOT ISLAY SNGL MALT WSK,smoky scot islay sngl malt,31007,10,,sizes:1,smoky|smoky scot
true,smuggling,SMUGGLING NUN IRISH POITIN,smuggling nun irish poitin,100232,10,,sizes:1,smuggling|smuggling nun
true,sobieski,SOBIESKI,sobieski,5044,60,SOBIESKI GRAPEFRUIT (32),sizes:6,sobieski|sobieski vanilla|sobieski orange|sobieski grapefruit|sobieski estate|sobieski lemon|sobieski pl|sobieski espresso|sobieski cytron|sobieski vanilia|sobieski raspberry
true,soda,SODA JERK ROOT BEER SHOT,soda jerk root beer shot,24858,12,SODA JERK ORANGE CREAM SHOT (4),sizes:2|flavors:1,soda|soda jerk
true,soft,SOFT PARADE FRUIT INFUSED VDKA,soft parade fruit infused vdka,28289,10,,sizes:1,soft|soft parade
true,soho,SOHO LYCHEE,soho lychee,3467,10,,sizes:1,soho|soho lychee
true,solbeso,SOLBESO CACAO,solbeso cacao,35565,10,,sizes:1,solbeso|solbeso cacao
true,solerno,SOLERNO BLOOD ORANGE,solerno blood orange,8550,2,,sizes:1|flavors:1,solerno|solerno blood
true,somrus,SOMRUS CHAI CREAM,somrus chai cream,14693,4,SOMRUS MANGO CREAM (-4),sizes:2|flavors:2,somrus|somrus chai|somrus mango|somrus coffee
true,sonoma,SONOMA DIST BLACK TRUFFLE RYE,sonoma dist black truffle rye,28197,10,,sizes:1,sonoma|sonoma dist
true,soul,SOUL PREMIUM CACHACA,soul premium cachaca,13831,10,,sizes:1,soul|soul premium
true,sour,SOUR PUSS RASPBERRY LIQUEUR,sour puss raspberry liqueur,35822,12,,sizes:2|flavors:1,sour|sour puss
true,southern,SOUTHERN COMFORT 70,southern comfort 70,265,70,SOUTHERN COMFORT 100 (64),sizes:7,southern|southern comfort|southern star|southern tier|southern dew
true,spaulding,SPAULDING S COFFEE LIQUEUR,spaulding coffee liqueur,18201,12,,sizes:2|flavors:1,spaulding
true,spearhead,SPEARHEAD SINGLE GRAIN SCOTCH,spearhead single grain scotch,28354,10,,sizes:1,spearhead|spearhead single
true,ss,SS MARK DIGGERS HAZELNUT RUM,ss mark diggers hazelnut rum,36535,10,SS MARK DIGGERS RYE APPLE MS (2),sizes:1,
true,stagg,STAGG KY STRAIGHT BOURBON,stagg ky straight bourbon,25923,10,STAGG SINGLE BARREL SELECT BOURBON (-6),sizes:1,stagg|stagg ky|stagg single
true,stalk,STALK BARREL CANADIAN WSKY,stalk barrel canadian wsky,31324,12,,sizes:2|flavors:1,stalk|stalk barrel
true,stampede,STAMPEDE CANADIAN RYE WHISKY,stampede canadian rye whisky,34193,10,,sizes:1,stampede|stampede canadian
true,stanard,STANARD PROOF PECAN RYE,stanard proof pecan rye,35568,10,STANARD PROOF GINGER RYE (2),sizes:1,stanard|stanard proof
true,starr,STARR BLU VODKA,starr blu vodka,29223,40,STARR BLU GIN (10),sizes:4,starr|starr blu
true,status,STATUS VODKA,status vodka,32542,40,,sizes:4,status
true,stedman,STEDMAN S BOURBON CREAM,stedman bourbon cream,33937,2,,sizes:1|flavors:1,stedman
true,stellum,STELLUM RYE SNGL BRRL CASK STR,stellum rye sngl brrl cask,31631,2,,sizes:1|flavors:1,stellum|stellum rye
true,still,STILL GIN BY DRE SNOOP,still gin by dre snoop,32913,40,STILL AUSTIN GIN (10),sizes:4,still|still austin|still haven|still moon
true,stillwater,STILLWATER RYE GOLD LABEL,stillwater rye gold label,32036,10,,sizes:1,stillwater|stillwater rye
true,stirk,STIRK S SCOTCH BARREL AGED GIN,stirk scotch barrel aged gin,35572,2,,sizes:1|flavors:1,stirk
true,stirling,STIRLING LONDON DRY GIN,stirling london dry gin,100912,20,,sizes:2,stirling|stirling london
true,stirrings,STIRRINGS GINGER,stirrings ginger,6848,2,,sizes:1|flavors:1,stirrings|stirrings ginger
true,stockholms,STOCKHOLMS BRANNERI DRY GIN,stockholms branneri dry gin,27011,10,,sizes:1,stockholms|stockholms branneri
true,stolichnaya,STOLICHNAYA 80,stolichnaya 80,61247,60,STOLICHNAYA ELIT (40),sizes:6,stolichnaya|stolichnaya elit|stolichnaya 80|stolichnaya gold|stolichnaya cucumber|stolichnaya lime|stolichnaya blueberi|stolichnaya ohranj|stolichnaya razberi|stolichnaya vanil|stolichnaya hot|stolichnaya salted|stolichnaya citros|stolichnaya peachik|stoli|stoli crushed|stoli chamoy|stoli 80
true,stonehaven,STONEHAVEN TEXAS VODKA,stonehaven texas vodka,101793,20,,sizes:2,stonehaven|stonehaven texas
true,stonestreet,STONESTREET BOURBON WHISKEY,stonestreet bourbon whiskey,100394,10,,sizes:1,stonestreet
true,strathearn,STRATHEARN HIGHLAND SINGLE MALT SCOTCH,strathearn highland single malt scotch,100240,10,,sizes:1,strathearn|strathearn highland
true,stray,STRAY DOG WILD GIN,stray dog wild gin,25961,10,,sizes:1,stray|stray dog
true,strega,STREGA LIMONCELLO,strega limoncello,31949,2,,sizes:1|flavors:1,strega|strega limoncello
true,strumicka,STRUMICKA MASTIKA BRDY MACE,strumicka mastika brdy mace,91146,10,,sizes:1,strumicka|strumicka mastika
true,suerte,SUERTE BLANCO TEQUILA,suerte blanco tequila,100120,20,SUERTE BLANCO (10),sizes:2,suerte|suerte blanco|suerte reposado|suerte still
true,sugarlands,SUGARLANDS EGGO BRUNCH IN JAR,sugarlands eggo brunch in jar,29731,20,SUGARLANDS BANANA PUDDING (12),sizes:2,sugarlands|sugarlands shine|sugarlands butter|sugarlands dark|sugarlands electric|sugarlands appalachian|sugarlands blueberry|sugarlands pb|sugarlands banana|sugarlands cream|sugarlands peanut|sugarlands eggo|sugarlands birthday|sugarlands egg|sugarlands mint|sugarlands pumpkin|sugarlands maple|sugarlands dymamite|sugarlands sippin
true,summum,SUMMUM VODKA,summum vodka,29154,40,SUMMUM CITRON (12),sizes:4,summum|summum select|summum citron
true,sumska,SUMSKA FOREST RASPBERRY BRANDY,sumska forest raspberry brandy,31916,2,,sizes:1|flavors:1,sumska|sumska forest
true,sunday,SUNDAY S WHISKY,sunday whisky,29935,10,,sizes:1,sunday
true,sunshine,SUNSHINE PUNCH ORANGE CREME,sunshine punch orange creme,29977,-14,,sizes:1|flavors:3,sunshine|sunshine punch
true,superbird,SUPERBIRD REPOSADO,superbird reposado,35574,20,SUPERBIRD BLANCO (10),sizes:2,superbird|superbird blanco|superbird reposado
true,suro,SURO ELDERFLOWER,suro elderflower,101894,10,,sizes:1,suro|suro elderflower
true,suze,SUZE SAVUER APERITIF,suze savuer aperitif,31184,10,,sizes:1,suze|suze savuer
true,svedka,SVEDKA VODKA,svedka vodka,5889,70,SVEDKA PEACH (62),sizes:7,svedka|svedka huckleberry|svedka orange|svedka variety|svedka pineapple|svedka blueberry|svedka usa|svedka cucumber|svedka peppermint|svedka whipped|svedka rootbeer|svedka peppermintz|svedka espresso|svedka caramel|svedka mango|svedka strawberry|svedka peach|svedka raspberry|svedka blue|svedka rose|svedka cherry|svedka citron|svedka strawbery|svedka clementine|svedka cosmopolitan|svedka lemon|svedka banana|svedka blackberry|svedka vanilla
true,svekda,SVEKDA PEPPERMINT,svekda peppermint,101729,2,,sizes:1|flavors:1,svekda|svekda peppermint
true,symbole,SYMBOLE NATIONAL XO BRANDY,symbole national xo brandy,33183,10,,sizes:1,symbole|symbole national
true,tanqueray,TANQUERAY ENG,tanqueray eng,29927,50,TANQUERAY STERLING ENG (40),sizes:5,tanqueray|tanqueray no|tanqueray sevilla|tanqueray eng|tanqueray negroni|tanqueray rangpur|tanqueray sterling|tanqueray round
true,tap,TAP MAPLE RYE WHISKEY,tap maple rye whiskey,23606,10,,sizes:1,tap|tap maple
true,tarantula,TARANTULA AZUL 70,tarantula azul 70,4494,10,,sizes:1,tarantula|tarantula azul
true,tarquin,TARQUIN S BLOOD ORANGE GIN,tarquin blood orange gin,30857,2,TARQUIN S PINK LMN PEPPERCORN (-6),sizes:1|flavors:1,tarquin
true,tattersall,TATTERSALL BIB WHEATED BOURBON,tattersall bib wheated bourbon,28052,10,,sizes:1,tattersall|tattersall bib
true,tchaikovsky,TCHAIKOVSKY VODKA,tchaikovsky vodka,36812,10,,sizes:1,tchaikovsky
true,teaninich,TEANINICH 8 YR SR F26,teaninich yr sr f26,35771,0,,sizes:1|aged,teaninich
true,tekiah,TEKIAH KOSHER SPIRITS BLANCO,tekiah kosher spirits blanco,32905,20,TEKIAH KOSHER SPIRITS ANEJO (10),sizes:2,tekiah|tekiah kosher
true,templeton,TEMPLETON RYE,templeton rye,35528,20,TEMPLETON MIDNIGHT RYE (10),sizes:2,templeton|templeton cask|templeton rye|templeton midnight
true,tempus,TEMPUS FUGIT LIQ DE VIOLETTES,tempus fugit liq de violettes,34619,10,TEMPUS FUGIT CREME DE MOKA (2),sizes:1,tempus|tempus fugit
true,ten,TEN HIGH,ten high,8927,50,,sizes:5,ten|ten high
true,tenerello,TENERELLO LIMONCELLO,tenerello limoncello,35740,2,,sizes:1|flavors:1,tenerello|tenerello limoncello
true,tequila,TEQUILA ROSE LIQ,tequila rose liq,401,60,TEQUILA OCHO PLATA (20),sizes:6,tequila|tequila barajas|tequila don|tequila ocho|tequila rose|tequila buen|tequila corrido
true,the,THE BOTANIST,the botanist,8429,50,THE ORIGINAL PICKLE SHOT DILL PICKLE VODKA (40),sizes:5,the|the dalmore|the shin|the barker|the irishman|the dampfwerk|the katie|the glenlivet|the old|the club|the tottori|the green|the balvenie|the bitter|the famous|the quiet|the botanist|the real|the sexton|the dead|the fighting|the whistler|the original|the wiseman|the immortal|the deacon|the american|the cabinet|the glenallachie|the sweet|the dirty|the espresso|the haiku|the senator|the illusionist|the guard|the macklowe|the big|the standard|the glenwalk|the kentucky
true,thirstday,THIRSTDAY MACCHIATO,thirstday macchiato,35952,10,THIRSTDAY MANGO (2),sizes:1,thirstday|thirstday cinnamon|thirstday macchiato|thirstday mango|thirstday mint|thirstday strawberry
true,three,THREE OLIVES VODKA,three olives vodka,1403,50,THREE OLIVES GRAPE (32),sizes:5,three|three olives|three chord|three bridges
true,thunder,THUNDER BITCH CINNAMON CHILI,thunder bitch cinnamon chili,31637,-6,,sizes:1|flavors:2,thunder|thunder bitch
true,tia,TIA MARIA,tia maria,8009,20,,sizes:2,tia|tia maria
true,tikves,TIKVES LOZOVA RAKIJA VS,tikves lozova rakija vs,20710,20,,sizes:2,tikves|tikves lozova
true,tippy,TIPPY COW CHOCOLATE,tippy cow chocolate,11144,20,TIPPY COW SHAMROCK MINT (12),sizes:2,tippy|tippy cow
true,tiramisu,TIRAMISU,tiramisu,5443,10,,sizes:1,tiramisu
true,tire,TIRE FIRE WHISKEY,tire fire whiskey,35961,2,,sizes:1|flavors:1,tire|tire fire
true,tito,TITO S HANDMADE VODKA,tito handmade vodka,2980,70,TITO S HANDMADE VODKA 4PK (20),sizes:7,tito
true,titomirov,TITOMIROV IMPORTED VODKA,titomirov imported vodka,100316,10,,sizes:1,titomirov|titomirov imported
true,tobago,TOBAGO GOLD CHOCOLATE RUM CREA,tobago gold chocolate rum crea,32173,10,,sizes:1,tobago|tobago gold
true,tobermory,TOBERMORY 12 YR,tobermory 12 yr,26171,0,,sizes:1|aged,tobermory|tobermory 12
true,togouchi,TOGOUCHI JAPANESE SAKE CASK WH,togouchi japanese sake cask wh,36174,10,TOGOUCHI JAPANESE WHISKY 3 YR (0),sizes:1,togouchi|togouchi japanese
true,toki,TOKI JAPANESE WHISKY,toki japanese whisky,15841,20,TOKI BLACK JAPANESE WHISKY (10),sizes:2,toki|toki japanese|toki black
true,tom,TOM BULLOCK S OLD TOM GIN,tom bullock old tom gin,29291,10,TOM BULLOCK S BURNT ORANGE BBN (2),sizes:1,tom|tom bullock
true,tomintoul,TOMINTOUL TLATH SINGLE MALT SCOTCH,tomintoul tlath single malt scotch,101367,12,TOMINTOUL SPEYSIDE SINGLE MALT (2),sizes:2|flavors:1,tomintoul|tomintoul single|tomintoul tlath|tomintoul speys|tomintoul speyside
true,topaz,TOPAZ GOLD,topaz gold,1932,30,TOPAZ WHITE (20),sizes:3,topaz|topaz gold|topaz white|topaz triple
true,topper,TOPPER S CARIBBEAN WHITE RHUM,topper caribbean white rhum,35146,10,,sizes:1,topper
true,torero,TORERO ANEJO TEQUILA,torero anejo tequila,24100,10,,sizes:1,torero|torero anejo
true,tovaritch,TOVARITCH,tovaritch,100037,20,,sizes:2,tovaritch
true,tower,TOWER VODKA,tower vodka,29091,50,,sizes:5,tower
true,tr,TR CITY BP WSKY,tr city bp wsky,74344,-990,,sizes:1|combo,
true,trade,TRADE WIND GOLD RUM,trade wind gold rum,36325,10,,sizes:1,trade|trade wind
true,trader,TRADER VIC S SPICED RUM,trader vic spiced rum,793,22,TRADER VIC S GOLD RUM (10),sizes:3|flavors:1,trader|trader vic
true,traikovsky,TRAIKOVSKY VS GRAPE BRANDY,traikovsky vs grape brandy,31918,2,,sizes:1|flavors:1,traikovsky|traikovsky vs
true,trakal,TRAKAL ORIGINAL,trakal original,36600,10,,sizes:1,trakal|trakal original
true,travelers,TRAVELERS CLUB BLEND,travelers club blend,7607,10,,sizes:1,travelers|travelers club
true,traveller,TRAVELLER WHISKEY,traveller whiskey,31216,50,TRAVELLER FULL PROOF (20),sizes:5,traveller|traveller full
true,traverse,TRAVERSE CITY WHISKEY CO,traverse city whiskey co,21036,20,TRAVERSE CITY WHSKY CO CHERRY (12),sizes:2,traverse|traverse city|traverse cty|trav|trav city
true,travesuras,TRAVESURAS TEQUILA BLANCO,travesuras tequila blanco,53806,10,TRAVESURAS TEQUILA SPICY MANGO (2),sizes:1,travesuras
true,travis,TRAVIS HASSE COW PIE,travis hasse cow pie,13386,20,TRAVIS HASSE APPLE PIE (2),sizes:2,travis|travis hasse
true,travrse,TRAVRSE CTY WSKY HARVEST CREAM,travrse cty wsky harvest cream,30558,2,,sizes:1|flavors:1,travrse|travrse cty
true,troja,TROJA RAKIJA,troja rakija,17669,10,,sizes:1,troja|troja rakija
true,troyanska,TROYANSKA SLIVOVITZ PLUM 7 YR,troyanska slivovitz plum yr,29377,0,,sizes:1|aged,troyanska|troyanska slivovitz
true,truly,TRULY WILD BERRY VODKA,truly wild berry vodka,25787,12,TRULY WHITE PEACH VODKA (2),sizes:2|flavors:1,truly|truly pineapple|truly wild|truly blood|truly white
true,trump,TRUMP VODKA THE GREAT AMERICAN SPIRIT,trump vodka the great american,100356,10,,sizes:1,trump
true,tsikoudia,TSIKOUDIA GRAPE POMACE BRANDY,tsikoudia grape pomace brandy,31581,2,,sizes:1|flavors:1,tsikoudia|tsikoudia grape
true,ttg,TTG CAMUS ILE DE RE 11 YR,ttg camus ile de re,33889,0,,sizes:1|aged,ttg|ttg camus
true,tuaca,TUACA LIQ IT,tuaca liq it,97526,40,,sizes:4,tuaca|tuaca liq
true,tubi,TUBI 60 ORIGINAL,tubi 60 original,18007,10,,sizes:1,tubi|tubi 60
true,tullamore,TULLAMORE DEW IRISH,tullamore dew irish,19311,50,TULLAMORE DEW HONEY (12),sizes:5,tullamore|tullamore dew
true,tullibardine,TULLIBARDINE ARTISAN,tullibardine artisan,24328,10,,sizes:1,tullibardine|tullibardine artisan
true,tumblin,TUMBLIN DICE SINGLE BARREL,tumblin dice single barrel,23529,2,,sizes:1|flavors:1,tumblin|tumblin dice
true,twenty,TWENTY GRAND GOLD,twenty grand gold,9694,20,TWENTY GRAND BLACK 100 (4),sizes:2,twenty|twenty grand
true,twisted,TWISTED TEA WHISKEY,twisted tea whiskey,28664,20,TWISTED SHOTZ MIAMI VICE (10),sizes:2,twisted|twisted shotz|twisted tea
true,tx,TX BLENDED WHISKEY,tx blended whiskey,22496,30,TX STRAIGHT BOURBON WHISKEY (10),sizes:3,
true,typhoon,TYPHOON SPICED RUM,typhoon spiced rum,35576,2,,sizes:1|flavors:1,typhoon|typhoon spiced
true,tyrconnell,TYRCONNELL IRISH,tyrconnell irish,5881,10,,sizes:1,tyrconnell|tyrconnell irish
true,ukrainian,UKRAINIAN VODKA 1782,ukrainian vodka 1782,33844,10,,sizes:1,ukrainian
true,ultramundo,ULTRAMUNDO MEZCAL,ultramundo mezcal,101377,10,,sizes:1,ultramundo|ultramundo mezcal
true,umiki,UMIKI JAPANESE WHISKY,umiki japanese whisky,32698,10,,sizes:1,umiki|umiki japanese
true,uncle,UNCLE NEAREST 1856,uncle nearest 1856,17542,20,UNCLE NEAREST 1884 SMALL BATCH (12),sizes:2,uncle|uncle nearest|uncle val|uncle vals
true,underground,UNDERGROUND HERBAL SPIRIT,underground herbal spirit,30417,10,,sizes:1,underground|underground herbal
true,ungava,UNGAVA GIN,ungava gin,21937,10,,sizes:1,ungava
true,union,UNION MARKET VODKA,union market vodka,19452,20,UNION HORSE REUNION STRT RYE (10),sizes:2,union|union hall|union market|union horse
true,uno,UNO MAS REPOSADO,uno mas reposado,31632,10,,sizes:1,uno|uno mas
true,upstate,UPSTATE VODKA KOSHER FOR PASSO,upstate vodka kosher for passo,31692,10,,sizes:1,upstate
true,usher,USHER S,usher,23548,10,,sizes:1,usher
true,uv,UV VODKA,uv vodka,1379,60,UV BLUE RASPBERRY (52),sizes:6,
true,uzicanka,UZICANKA SLIVOVITZUM BRANDY,uzicanka slivovitzum brandy,4012,10,,sizes:1,uzicanka|uzicanka slivovitzum
true,valco,VALCO PALINCA SLIVOVITZ 4 YR,valco palinca slivovitz yr,29281,0,,sizes:1|aged,valco|valco palinca
true,vander,VANDER MILL MI HONEYCRISP VODK,vander mill mi honeycrisp vodk,32402,2,,sizes:1|flavors:1,vander|vander mill
true,veev,VEEV,veev,11300,10,,sizes:1,veev
true,vegetal,VEGETAL GRANDE CHARTREUSE,vegetal grande chartreuse,27956,10,,sizes:1,vegetal|vegetal grande
true,velvet,VELVET CAP TRIPLE CASK IRISH W,velvet cap triple cask irish,33946,10,,sizes:1,velvet|velvet cap
true,venado,VENADO LIGHT,venado light,34551,10,,sizes:1,venado|venado light
true,verino,VERINO MASTIHA LIQUEUR,verino mastiha liqueur,30058,10,,sizes:1,verino|verino mastiha
true,verpoorten,VERPOORTEN ADVOCAAT,verpoorten advocaat,33346,10,,sizes:1,verpoorten|verpoorten advocaat
true,verse,VERSE GIN,verse gin,21040,10,,sizes:1,verse
true,version,VERSION FRANCAISE NINKASI,version francaise ninkasi,33326,10,,sizes:1,version|version francaise
true,very,VERY OLD BARTON BOURBON 90,very old barton bourbon 90,93460,10,,sizes:1,very|very old
true,vesic,VESIC 1 SLIVOVITZ PLUM BRANDY,vesic slivovitz plum brandy,31920,10,VESIC 1 GRAPE BRANDY (2),sizes:1,vesic
true,vetone,VETONE MARTINI MOSCATO BRANDY,vetone martini moscato brandy,34602,10,,sizes:1,vetone|vetone martini
true,victor,VICTOR GEORGE CARAMEL VODKA,victor george caramel vodka,100529,2,,sizes:1|flavors:1,victor|victor george
true,vikre,VIKRE HERBAL LIQUEUR,vikre herbal liqueur,32525,10,VIKRE DISTILL BOREAL JUNIPER (2),sizes:1,vikre|vikre distill|vikre herbal
true,villon,VILLON,villon,23436,10,,sizes:1,villon
true,vim,VIM PETAL GIN,vim petal gin,34023,10,,sizes:1,vim|vim petal
true,vincenzi,VINCENZI LIMONCELLO DI TORINO,vincenzi limoncello di torino,29476,2,,sizes:1|flavors:1,vincenzi|vincenzi limoncello
true,viva,VIVA AGAVE SILVER,viva agave silver,30227,30,VIVA AGAVE REPOSADO (20),sizes:3,viva|viva agave
true,volkov,VOLKOV LIGHT VODKA,volkov light vodka,27456,10,,sizes:1,volkov|volkov light
true,voltage,VOLTAGE RED CREAM SODA VODKA,voltage red cream soda vodka,32444,2,,sizes:1|flavors:1,voltage|voltage red
true,vomich,VOMICH VODKA,vomich vodka,31345,10,,sizes:1,vomich
true,von,VON PAYNE BLACK,von payne black,29426,10,,sizes:1,von|von payne
true,vostate,VOSTATE VODKA,vostate vodka,34791,10,,sizes:1,vostate
true,votanikon,VOTANIKON GIN,votanikon gin,32828,10,,sizes:1,votanikon
true,vusa,VUSA AFRICAN VODKA,vusa african vodka,31146,10,,sizes:1,vusa|vusa african
true,w,W B SAFFELL,saffell,30359,10,,sizes:1,
true,walders,WALDERS VODKA VANILLA,walders vodka vanilla,27825,2,WALDERS SCOTCH COFFEE CREAM (-6),sizes:1|flavors:1,walders
true,walleye,WALLEYE RUN FISHERMAN S BATCH,walleye run fisherman batch,100388,2,,sizes:1|flavors:1,walleye|walleye run
true,warners,WARNERS HARRINGTON DRY GIN,warners harrington dry gin,35991,10,,sizes:1,warners|warners harrington
true,watchpost,WATCHPOST WHISKEY,watchpost whiskey,53859,10,,sizes:1,watchpost
true,water,WATER HILL ABSINTHE VIOLETTE,water hill absinthe violette,20016,10,WATER HILL CHERRY LIQUEUR (2),sizes:1,water|water hill
true,wave,WAVE,wave,8253,20,WAVE WHIPPED CREAM (12),sizes:2,wave|wave peach|wave pl|wave whipped|wave blue|wave cherry|wave grape|wave lemon|wave pink
true,weber,WEBER RANCH 1902,weber ranch 1902,34329,30,,sizes:3,weber|weber ranch
true,wesltand,WESLTAND COLERE 4TH EDITION,wesltand colere 4th edition,32809,10,,sizes:1,wesltand|wesltand colere
true,whaler,WHALER S ORIGINAL DARK RUM,whaler original dark rum,459,10,WHALER S VANILLE RUM (2),sizes:1,whaler
true,wheatley,WHEATLEY VODKA,wheatley vodka,13914,50,,sizes:5,wheatley
true,wheel,WHEEL HORSE RYE,wheel horse rye,35448,10,,sizes:1,wheel|wheel horse
true,whiskeysmith,WHISKEYSMITH BLOOD ORANGE,whiskeysmith blood orange,23714,2,WHISKEYSMITH CO SALTED CARAMEL (-6),sizes:1|flavors:1,whiskeysmith|whiskeysmith blood|whiskeysmith co
true,white,WHITE X COGNAC,white cognac,31817,20,,sizes:2,white
true,wicked,WICKED SPIRITS HABANERO,wicked spirits habanero,19377,10,,sizes:1,wicked
true,wild,WILD TURKEY 101,wild turkey 101,10337,54,WILD TURKEY AMERICAN HONEY (42),sizes:6|proof-line,wild|wild clay|wild turkey|wild roots
true,wilde,WILDE IRISH GIN,wilde irish gin,100281,10,,sizes:1,wilde|wilde irish
true,william,WILLIAM PENN,william penn,7707,20,WILLIAM LARUE WELLER VINTAGE (10),sizes:2,william|william larue|william penn
true,windsor,WINDSOR CANADIAN SUPREME,windsor canadian supreme,14067,50,WINDSOR APPLE CANADIAN WHISKY (12),sizes:5,windsor|windsor canadian|windsor reserve|windsor apple
true,winterhaven,WINTERHAVEN FARMS EGG NOG,winterhaven farms egg nog,101810,12,,sizes:2|flavors:1,winterhaven|winterhaven farms
true,wiser,WISER S DELUXE,wiser deluxe,88580,40,WISER S 18 YR (0),sizes:4,wiser
true,wodka,WODKA VODKA,wodka vodka,6037,20,,sizes:2,wodka
true,wolcott,WOLCOTT KY STRAIGHT BOURBON,wolcott ky straight bourbon,29095,20,WOLCOTT MANHATTAN (10),sizes:2,wolcott|wolcott manhattan|wolcott gold|wolcott espresso|wolcott chocolate|wolcott ky|wolcott bottled|wolcott rickhouse|wolcott mint|wolcott old|wolcott paper
true,wolfhead,WOLFHEAD COFFEE WHISKY,wolfhead coffee whisky,33669,2,WOLFHEAD COFFEE WHSKY (-998),sizes:1|flavors:1,wolfhead|wolfhead coffee
true,wolfie,WOLFIE S BLENDED SCOTCH WHISKY,wolfie blended scotch whisky,100143,10,,sizes:1,wolfie
true,wolfschmidt,WOLFSCHMIDT,wolfschmidt,61228,10,,sizes:1,wolfschmidt
true,wonsha,WONSHA ORIGINAL SOJU,wonsha original soju,36027,10,WONSHA WATERMELON SOJU (2),sizes:1,wonsha|wonsha watermelon|wonsha original|wonsha strawberry
true,woodford,WOODFORD RESERVE BBN,woodford reserve bbn,2675,52,WOODFORD RESERVE RYE (22),sizes:6|flavors:1,woodford|woodford reserve|woodford rsrv|woodford rsv
true,woodson,WOODSON BOURBON WHISKEY SIGNAT,woodson bourbon whiskey signat,31012,20,WOODSON BOURBON WHISKEY (10),sizes:2,woodson|woodson team|woodson bbn|woodson all|woodson cinnamon|woodson go|woodson maize|woodson champions
true,woody,WOODY CREEK DIST COLORADO BBN,woody creek dist colorado bbn,34066,10,,sizes:1,woody|woody creek
true,wuliangye,WULIANGYE BAIJIU,wuliangye baijiu,30328,10,,sizes:1,wuliangye|wuliangye baijiu
true,wyatt,WYATT EARP AMERICAN SINGLE MALT WHISKEY,wyatt earp american single malt,100836,10,WYATT EARP SMALL BATCH (2),sizes:1,wyatt|wyatt earp
true,wyborowa,WYBOROWA WODKA,wyborowa wodka,11658,10,,sizes:1,wyborowa|wyborowa wodka
true,x,X RATED FUSION,rated fusion,2878,20,X BY XIAMAN MEZCAL ARTESANAL ESPADIN (10),sizes:2,
true,xellent,XELLENT SWISS VODKA,xellent swiss vodka,33845,20,XELLENT SWISS ORG WHEAT VODKA (10),sizes:2,xellent|xellent swiss
true,xexy,XEXY VODKA,xexy vodka,100322,10,,sizes:1,xexy
true,xiaman,XIAMAN MEZCAL ARTESANAL JOVEN,xiaman mezcal artesanal joven,20251,10,,sizes:1,xiaman|xiaman mezcal
true,xiamen,XIAMEN ARTESANAL MEZCAL,xiamen artesanal mezcal,31697,10,,sizes:1,xiamen|xiamen artesanal
true,xicala,XICALA MEZCAL,xicala mezcal,16419,10,,sizes:1,xicala|xicala mezcal
true,xicaru,XICARU SILVER MEZCAL,xicaru silver mezcal,28582,20,XICARU ANEJO MEZCAL (10),sizes:2,xicaru|xicaru anejo|xicaru reposado|xicaru silver|xicaru pechuga
true,xilli,XILLI SILVER,xilli silver,35577,10,,sizes:1,xilli|xilli silver
true,xuxu,XUXU STRAWBERRY CREAM VODKA,xuxu strawberry cream vodka,31366,-6,,sizes:1|flavors:2,xuxu|xuxu strawberry
true,xxi,XXI MARTINIS CHOCOLATE,xxi martinis chocolate,28844,20,XXI MARTINIS ESPRESSO (12),sizes:2,xxi|xxi martinis
true,yamazaki,YAMAZAKI MIZUNARA JAP OAK 18Y,yamazaki mizunara jap oak 18y,30175,10,YAMAZAKI DISTILLER S RESERVE (2),sizes:1,yamazaki|yamazaki mizunara|yamazaki distiller|yamazaki 18|yamazaki 12
true,yame,YAME WHISKY,yame whisky,32965,10,,sizes:1,yame
true,yebiga,YEBIGA BELA BRANDY,yebiga bela brandy,33190,20,YEBIGA PRVA PLUM SMALL BATCH (12),sizes:2,yebiga|yebiga bela|yebiga prva
true,yellowstone,YELLOWSTONE SELECT,yellowstone select,13640,22,YELLOWSTONE 3PK (10),sizes:3|flavors:1,yellowstone|yellowstone hand|yellowstone recollection|yellowstone select|yellowstone hp|yellowstone single|yellowstone special|yellowstone spec|yellowstone 3pk|yellowstone ltd|yellowstone sngl|yellowstone small|yellowstone espresso|yellowstone gold|yellowstone old
true,yeni,YENI RAKI 90,yeni raki 90,30110,10,,sizes:1,yeni|yeni raki
true,yewhu,YEWHU ORIGINAL SOJU,yewhu original soju,35147,10,,sizes:1,yewhu|yewhu original
true,yo,YO SHI MATCHA LIQUEUR,yo shi matcha liqueur,101775,10,,sizes:1,
true,yobo,YOBO KISH SHINE,yobo kish shine,34958,20,YOBO KISH BLISS (10),sizes:2,yobo|yobo kish
true,yukon,YUKON JACK,yukon jack,64987,60,YUKON JACK FIRE (12),sizes:6,yukon|yukon jack
true,yule,YULE NOG FIREBALL,yule nog fireball,33043,4,YULE NOG FIREBALL 10PK (-6),sizes:2|flavors:2,yule|yule nog
true,yumekjo,YUMEKJO JAPENESE WHISKY,yumekjo japenese whisky,100803,10,,sizes:1,yumekjo|yumekjo japenese
true,yuzugin,YUZUGIN,yuzugin,29936,10,,sizes:1,yuzugin
true,zachlawi,ZACHLAWI FIG ARAK,zachlawi fig arak,34467,10,,sizes:1,zachlawi|zachlawi fig
true,zackariah,ZACKARIAH HARRIS BOURBON,zackariah harris bourbon,34859,40,,sizes:4,zackariah|zackariah harris
true,zafra,ZAFRA MASTERS SERIES RUM 30 YR,zafra masters series rum 30,27474,0,ZAFRA MASTER RESERVE RUM 21 YR (-8),sizes:1|aged,zafra|zafra master|zafra masters
true,zawadi,ZAWADI VODKA,zawadi vodka,34135,10,,sizes:1,zawadi
true,zaya,ZAYA COCOBANA RUM,zaya cocobana rum,24578,10,ZAYA GRAN RESERVA RUM (2),sizes:1,zaya|zaya cocobana|zaya gran
true,zodiac,ZODIAC CRAFT POTATO VODKA,zodiac craft potato vodka,29428,20,ZODIAC BLACK CHERRY VODKA (2),sizes:2,zodiac|zodiac craft|zodiac black
true,zubrowka,ZUBROWKA BIALA VODKA,zubrowka biala vodka,30236,40,ZUBROWKA BISON GRASS (20),sizes:4,zubrowka|zubrowka bison|zubrowka biala
true,zucca,ZUCCA RABARBARO,zucca rabarbaro,13754,20,,sizes:2,zucca|zucca rabarbaro
true,zuisen,ZUISEN AWAMORI,zuisen awamori,33074,10,,sizes:1,zuisen|zuisen awamori
true,zuta,ZUTA OSA,zuta osa,752,10,,sizes:1,zuta|zuta osa
true,zvecevo,ZVECEVO 1921 SLJIVOVICA,zvecevo 1921 sljivovica,30710,10,,sizes:1,zvecevo|zvecevo 1921
true,zyr,ZYR VODKA,zyr vodka,31530,20,,sizes:2,zyr